"Status","Start Time","Stop Time","Duration in ms","Parent Suite","Suite","Sub Suite","Test Class","Test Method","Name","Description"
"passed","Thu May 14 21:09:25 UTC 2026","Thu May 14 21:09:25 UTC 2026","1","","recipeService","","recipeService getRecipeById should fetch a single recipe successfully","","recipeService getRecipeById should fetch a single recipe successfully",""
"passed","Thu May 14 21:09:33 UTC 2026","Thu May 14 21:09:33 UTC 2026","8","","QuickActions Component","","QuickActions Component works with mobile menu state","","QuickActions Component works with mobile menu state",""
"passed","Thu May 14 21:09:28 UTC 2026","Thu May 14 21:09:28 UTC 2026","83","","MealPlanner","","MealPlanner should display calendar after loading","","MealPlanner should display calendar after loading",""
"passed","Thu May 14 21:09:33 UTC 2026","Thu May 14 21:09:33 UTC 2026","52","","getMonday","","useMealPlanner should handle error when loading recipes fails","","useMealPlanner should handle error when loading recipes fails",""
"passed","Thu May 14 21:09:32 UTC 2026","Thu May 14 21:09:32 UTC 2026","72","","ShoppingList Component","","ShoppingList Component renders ingredients in the table","","ShoppingList Component renders ingredients in the table",""
"passed","Thu May 14 21:09:25 UTC 2026","Thu May 14 21:09:25 UTC 2026","66","","Recipes Component","","Recipes Component Successful Data Fetching should render recipes after successful fetch","","Recipes Component Successful Data Fetching should render recipes after successful fetch",""
"passed","Thu May 14 21:09:32 UTC 2026","Thu May 14 21:09:32 UTC 2026","5","","RecipeCard","","RecipeCard Category Emojis should handle case-insensitive category matching","","RecipeCard Category Emojis should handle case-insensitive category matching",""
"passed","Thu May 14 21:09:33 UTC 2026","Thu May 14 21:09:33 UTC 2026","53","","getMonday","","useMealPlanner should handle error when loading meal plan fails","","useMealPlanner should handle error when loading meal plan fails",""
"passed","Thu May 14 21:09:32 UTC 2026","Thu May 14 21:09:32 UTC 2026","17","","ShoppingList Component","","ShoppingList Component displays loading state","","ShoppingList Component displays loading state",""
"passed","Thu May 14 21:09:28 UTC 2026","Thu May 14 21:09:28 UTC 2026","25","","MealPlanner","","MealPlanner Meal Plan Navigation and Display should display all meal slots","","MealPlanner Meal Plan Navigation and Display should display all meal slots",""
"passed","Thu May 14 21:09:25 UTC 2026","Thu May 14 21:09:25 UTC 2026","168","","Recipes Component","","Recipes Component Edit Recipe Functionality should close edit modal after successful update","","Recipes Component Edit Recipe Functionality should close edit modal after successful update",""
"passed","Thu May 14 21:09:31 UTC 2026","Thu May 14 21:09:31 UTC 2026","2","","useShoppingList","","useShoppingList initial state initializes weekStart to current Monday","","useShoppingList initial state initializes weekStart to current Monday",""
"passed","Thu May 14 21:09:28 UTC 2026","Thu May 14 21:09:28 UTC 2026","17","","RecipeDetailModal Component","","RecipeDetailModal Component should display Ingredients section title","","RecipeDetailModal Component should display Ingredients section title",""
"passed","Thu May 14 21:09:30 UTC 2026","Thu May 14 21:09:30 UTC 2026","1","","shoppingListService","","shoppingListService aggregateIngredients handles complex multi-recipe scenario","","shoppingListService aggregateIngredients handles complex multi-recipe scenario",""
"passed","Thu May 14 21:09:25 UTC 2026","Thu May 14 21:09:25 UTC 2026","57","","Recipes Component","","Recipes Component Search Functionality should update search results dynamically","","Recipes Component Search Functionality should update search results dynamically",""
"passed","Thu May 14 21:09:32 UTC 2026","Thu May 14 21:09:32 UTC 2026","3","","ShoppingList Component","","ShoppingList Component displays error message when error occurs","","ShoppingList Component displays error message when error occurs",""
"passed","Thu May 14 21:09:26 UTC 2026","Thu May 14 21:09:26 UTC 2026","71","","AddRecipeModal Component","","AddRecipeModal Component should include common ingredients in submission","","AddRecipeModal Component should include common ingredients in submission",""
"passed","Thu May 14 21:09:34 UTC 2026","Thu May 14 21:09:34 UTC 2026","7","","TopBar Component","","TopBar Component renders user section with custom user","","TopBar Component renders user section with custom user",""
"passed","Thu May 14 21:09:34 UTC 2026","Thu May 14 21:09:34 UTC 2026","2","","StatusMessage Component","","StatusMessage Component renders error message with icon when error occurs","","StatusMessage Component renders error message with icon when error occurs",""
"passed","Thu May 14 21:09:33 UTC 2026","Thu May 14 21:09:33 UTC 2026","0","","getMonday","","getMonday should reset hours to 00:00:00","","getMonday should reset hours to 00:00:00",""
"passed","Thu May 14 21:09:28 UTC 2026","Thu May 14 21:09:28 UTC 2026","24","","RecipeDetailModal Component","","RecipeDetailModal Component should display portions with plural text for multiple portions","","RecipeDetailModal Component should display portions with plural text for multiple portions",""
"passed","Thu May 14 21:09:32 UTC 2026","Thu May 14 21:09:32 UTC 2026","25","","Categories Component","","Categories Component shows no active category when no location state","","Categories Component shows no active category when no location state",""
"passed","Thu May 14 21:09:33 UTC 2026","Thu May 14 21:09:33 UTC 2026","3","","RecipeSelectorModal","","RecipeSelectorModal should call onClose when close button is clicked","","RecipeSelectorModal should call onClose when close button is clicked",""
"passed","Thu May 14 21:09:32 UTC 2026","Thu May 14 21:09:32 UTC 2026","56","","RecipeCard","","RecipeCard Rendering should display delete button","","RecipeCard Rendering should display delete button",""
"passed","Thu May 14 21:09:32 UTC 2026","Thu May 14 21:09:32 UTC 2026","11","","Categories Component","","Categories Component works without onCategoryClick prop","","Categories Component works without onCategoryClick prop",""
"passed","Thu May 14 21:09:33 UTC 2026","Thu May 14 21:09:33 UTC 2026","3","","RecipeSelectorModal","","RecipeSelectorModal should not render when isOpen is false","","RecipeSelectorModal should not render when isOpen is false",""
"passed","Thu May 14 21:09:30 UTC 2026","Thu May 14 21:09:30 UTC 2026","1","","shoppingListService","","shoppingListService aggregateIngredients assigns correct IDs to items","","shoppingListService aggregateIngredients assigns correct IDs to items",""
"passed","Thu May 14 21:09:26 UTC 2026","Thu May 14 21:09:26 UTC 2026","50","","AddRecipeModal Component","","AddRecipeModal Component should include foto_url when provided","","AddRecipeModal Component should include foto_url when provided",""
"passed","Thu May 14 21:09:28 UTC 2026","Thu May 14 21:09:28 UTC 2026","20","","MealPlanner","","MealPlanner Meal Plan Navigation and Display should handle unknown meal slot by defaulting to dinner category","","MealPlanner Meal Plan Navigation and Display should handle unknown meal slot by defaulting to dinner category",""
"passed","Thu May 14 21:09:33 UTC 2026","Thu May 14 21:09:33 UTC 2026","0","","getMonday","","getMonday should return Monday when date is Monday","","getMonday should return Monday when date is Monday",""
"passed","Thu May 14 21:09:32 UTC 2026","Thu May 14 21:09:32 UTC 2026","11","","RecipeCard","","RecipeCard Rendering should display portion correctly for single portion","","RecipeCard Rendering should display portion correctly for single portion",""
"passed","Thu May 14 21:09:25 UTC 2026","Thu May 14 21:09:25 UTC 2026","1","","recipeService","","recipeService getRecipeById should log error with correct recipe id to console on failure","","recipeService getRecipeById should log error with correct recipe id to console on failure",""
"passed","Thu May 14 21:09:29 UTC 2026","Thu May 14 21:09:29 UTC 2026","53","","EditRecipeModal Component","","EditRecipeModal Component renders modal with recipe data when isOpen and recipe are provided","","EditRecipeModal Component renders modal with recipe data when isOpen and recipe are provided",""
"passed","Thu May 14 21:09:29 UTC 2026","Thu May 14 21:09:29 UTC 2026","82","","EditRecipeModal Component","","EditRecipeModal Component calls onEditRecipe with updated recipe on form submission","","EditRecipeModal Component calls onEditRecipe with updated recipe on form submission",""
"passed","Thu May 14 21:09:32 UTC 2026","Thu May 14 21:09:32 UTC 2026","7","","Categories Component","","Categories Component renders category icons","","Categories Component renders category icons",""
"passed","Thu May 14 21:09:28 UTC 2026","Thu May 14 21:09:28 UTC 2026","9","","RecipeDetailModal Component","","RecipeDetailModal Component should render clock icon SVG for prep time","","RecipeDetailModal Component should render clock icon SVG for prep time",""
"passed","Thu May 14 21:09:34 UTC 2026","Thu May 14 21:09:34 UTC 2026","2","","StatusMessage Component","","StatusMessage Component shows loading message even if error is present (loading takes precedence)","","StatusMessage Component shows loading message even if error is present (loading takes precedence)",""
"passed","Thu May 14 21:09:26 UTC 2026","Thu May 14 21:09:26 UTC 2026","33","","AddRecipeModal Component","","AddRecipeModal Component should handle all category options","","AddRecipeModal Component should handle all category options",""
"passed","Thu May 14 21:09:33 UTC 2026","Thu May 14 21:09:33 UTC 2026","3","","RecipeSelectorModal","","RecipeSelectorModal should show no results message when search yields nothing","","RecipeSelectorModal should show no results message when search yields nothing",""
"passed","Thu May 14 21:09:33 UTC 2026","Thu May 14 21:09:33 UTC 2026","94","","getMonday","","useMealPlanner should handle error when adding entry fails","","useMealPlanner should handle error when adding entry fails",""
"passed","Thu May 14 21:09:34 UTC 2026","Thu May 14 21:09:34 UTC 2026","0","","StatusMessage Component","","StatusMessage Component does not render when loading is false and error is empty string","","StatusMessage Component does not render when loading is false and error is empty string",""
"passed","Thu May 14 21:09:32 UTC 2026","Thu May 14 21:09:32 UTC 2026","5","","Categories Component","","Categories Component applies active styling correctly with CSS class and styles","","Categories Component applies active styling correctly with CSS class and styles",""
"passed","Thu May 14 21:09:34 UTC 2026","Thu May 14 21:09:34 UTC 2026","1","","StatusMessage Component","","StatusMessage Component returns null when not loading and no error","","StatusMessage Component returns null when not loading and no error",""
"passed","Thu May 14 21:09:34 UTC 2026","Thu May 14 21:09:34 UTC 2026","4","","RecipeGrid Component","","RecipeGrid Component filters recipes case-insensitively","","RecipeGrid Component filters recipes case-insensitively",""
"passed","Thu May 14 21:09:28 UTC 2026","Thu May 14 21:09:28 UTC 2026","16","","RecipeDetailModal Component","","RecipeDetailModal Component should call onClose when clicking backdrop","","RecipeDetailModal Component should call onClose when clicking backdrop",""
"passed","Thu May 14 21:09:25 UTC 2026","Thu May 14 21:09:25 UTC 2026","91","","Recipes Component","","Recipes Component Edit Recipe Functionality should close detail modal when edit is clicked","","Recipes Component Edit Recipe Functionality should close detail modal when edit is clicked",""
"passed","Thu May 14 21:09:34 UTC 2026","Thu May 14 21:09:34 UTC 2026","16","","RecipeGrid Component","","RecipeGrid Component renders recipe cards when recipes are provided","","RecipeGrid Component renders recipe cards when recipes are provided",""
"passed","Thu May 14 21:09:32 UTC 2026","Thu May 14 21:09:32 UTC 2026","43","","ShoppingList Component","","ShoppingList Component renders main ingredients table","","ShoppingList Component renders main ingredients table",""
"passed","Thu May 14 21:09:33 UTC 2026","Thu May 14 21:09:33 UTC 2026","54","","getMonday","","useMealPlanner should load meal plan and recipes on mount","","useMealPlanner should load meal plan and recipes on mount",""
"passed","Thu May 14 21:09:25 UTC 2026","Thu May 14 21:09:25 UTC 2026","1","","recipeService","","recipeService getRecipeById should return complete recipe structure","","recipeService getRecipeById should return complete recipe structure",""
"passed","Thu May 14 21:09:28 UTC 2026","Thu May 14 21:09:28 UTC 2026","22","","RecipeDetailModal Component","","RecipeDetailModal Component should display ingredient quantities and units","","RecipeDetailModal Component should display ingredient quantities and units",""
"passed","Thu May 14 21:09:25 UTC 2026","Thu May 14 21:09:25 UTC 2026","162","","Recipes Component","","Recipes Component Edit Recipe Functionality should close edit modal when cancel button is clicked","","Recipes Component Edit Recipe Functionality should close edit modal when cancel button is clicked",""
"passed","Thu May 14 21:09:32 UTC 2026","Thu May 14 21:09:32 UTC 2026","7","","Categories Component","","Categories Component renders category counts with correct values","","Categories Component renders category counts with correct values",""
"passed","Thu May 14 21:09:28 UTC 2026","Thu May 14 21:09:28 UTC 2026","12","","MealPlanner","","MealPlanner should display error state","","MealPlanner should display error state",""
"passed","Thu May 14 21:09:33 UTC 2026","Thu May 14 21:09:33 UTC 2026","1","","useRecipeModals hook","","useRecipeModals hook Add Recipe Modal should open add recipe modal","","useRecipeModals hook Add Recipe Modal should open add recipe modal",""
"passed","Thu May 14 21:09:25 UTC 2026","Thu May 14 21:09:25 UTC 2026","56","","useRecipes hook","","useRecipes hook deleteRecipe should delete a recipe successfully","","useRecipes hook deleteRecipe should delete a recipe successfully",""
"passed","Thu May 14 21:09:33 UTC 2026","Thu May 14 21:09:33 UTC 2026","54","","getMonday","","useMealPlanner should get entry by day of week and meal slot","","useMealPlanner should get entry by day of week and meal slot",""
"passed","Thu May 14 21:09:31 UTC 2026","Thu May 14 21:09:31 UTC 2026","54","","App Component","","App Component handles quick action clicks and closes mobile menu","","App Component handles quick action clicks and closes mobile menu",""
"passed","Thu May 14 21:09:32 UTC 2026","Thu May 14 21:09:32 UTC 2026","89","","Categories Component","","Categories Component has proper accessibility attributes","","Categories Component has proper accessibility attributes",""
"passed","Thu May 14 21:09:33 UTC 2026","Thu May 14 21:09:33 UTC 2026","53","","getMonday","","useMealPlanner should reload meal plan after removing entry","","useMealPlanner should reload meal plan after removing entry",""
"passed","Thu May 14 21:09:33 UTC 2026","Thu May 14 21:09:33 UTC 2026","4","","RecipeSelectorModal","","RecipeSelectorModal should filter recipes by category","","RecipeSelectorModal should filter recipes by category",""
"passed","Thu May 14 21:09:28 UTC 2026","Thu May 14 21:09:28 UTC 2026","20","","MealPlanner","","MealPlanner Meal Plan Navigation and Display should filter recipes by category when lunch slot selected","","MealPlanner Meal Plan Navigation and Display should filter recipes by category when lunch slot selected",""
"passed","Thu May 14 21:09:28 UTC 2026","Thu May 14 21:09:28 UTC 2026","11","","RecipeDetailModal Component","","RecipeDetailModal Component should render all main ingredients in list","","RecipeDetailModal Component should render all main ingredients in list",""
"passed","Thu May 14 21:09:31 UTC 2026","Thu May 14 21:09:31 UTC 2026","10","","useShoppingList","","useShoppingList initial state initializes with loading state","","useShoppingList initial state initializes with loading state",""
"passed","Thu May 14 21:09:28 UTC 2026","Thu May 14 21:09:28 UTC 2026","14","","RecipeDetailModal Component","","RecipeDetailModal Component should have correct category badge class for lunch","","RecipeDetailModal Component should have correct category badge class for lunch",""
"passed","Thu May 14 21:09:33 UTC 2026","Thu May 14 21:09:33 UTC 2026","55","","getMonday","","useMealPlanner should navigate to next week","","useMealPlanner should navigate to next week",""
"passed","Thu May 14 21:09:34 UTC 2026","Thu May 14 21:09:34 UTC 2026","5","","ConfirmationPopup Component","","ConfirmationPopup Component should call onCancel when the cancel button is clicked","","ConfirmationPopup Component should call onCancel when the cancel button is clicked",""
"passed","Thu May 14 21:09:29 UTC 2026","Thu May 14 21:09:29 UTC 2026","17","","EditRecipeModal Component","","EditRecipeModal Component updates form data when recipe prop changes","","EditRecipeModal Component updates form data when recipe prop changes",""
"passed","Thu May 14 21:09:28 UTC 2026","Thu May 14 21:09:28 UTC 2026","14","","RecipeDetailModal Component","","RecipeDetailModal Component should display lunch emoji for lunch category","","RecipeDetailModal Component should display lunch emoji for lunch category",""
"passed","Thu May 14 21:09:25 UTC 2026","Thu May 14 21:09:25 UTC 2026","62","","Recipes Component","","Recipes Component Search Functionality should filter recipes based on search query","","Recipes Component Search Functionality should filter recipes based on search query",""
"passed","Thu May 14 21:09:32 UTC 2026","Thu May 14 21:09:32 UTC 2026","5","","RecipeCard","","RecipeCard Interactions should call onDeleteClick when delete button is clicked","","RecipeCard Interactions should call onDeleteClick when delete button is clicked",""
"passed","Thu May 14 21:09:34 UTC 2026","Thu May 14 21:09:34 UTC 2026","14","","mealPlanService","","mealPlanService getMealPlan should throw on HTTP error","","mealPlanService getMealPlan should throw on HTTP error",""
"passed","Thu May 14 21:09:28 UTC 2026","Thu May 14 21:09:28 UTC 2026","28","","MealPlanner","","MealPlanner should remove entry when remove button is clicked","","MealPlanner should remove entry when remove button is clicked",""
"passed","Thu May 14 21:09:30 UTC 2026","Thu May 14 21:09:30 UTC 2026","1","","shoppingListService","","shoppingListService aggregateIngredients normalizes ingredient names and units","","shoppingListService aggregateIngredients normalizes ingredient names and units",""
"passed","Thu May 14 21:09:28 UTC 2026","Thu May 14 21:09:28 UTC 2026","62","","RecipeDetailModal Component","","RecipeDetailModal Component should render when isOpen is true","","RecipeDetailModal Component should render when isOpen is true",""
"passed","Thu May 14 21:09:25 UTC 2026","Thu May 14 21:09:25 UTC 2026","1","","recipeService","","recipeService updateRecipe should handle errors when updating a recipe","","recipeService updateRecipe should handle errors when updating a recipe",""
"passed","Thu May 14 21:09:34 UTC 2026","Thu May 14 21:09:34 UTC 2026","68","","TopBar Component","","TopBar Component updates active tab when navigation items are clicked","","TopBar Component updates active tab when navigation items are clicked",""
"passed","Thu May 14 21:09:25 UTC 2026","Thu May 14 21:09:25 UTC 2026","30","","Recipes Component","","Recipes Component Component Lifecycle should not refetch recipes on re-render with same props","","Recipes Component Component Lifecycle should not refetch recipes on re-render with same props",""
"passed","Thu May 14 21:09:33 UTC 2026","Thu May 14 21:09:33 UTC 2026","1","","useRecipeModals hook","","useRecipeModals hook Delete Confirmation should close delete confirmation and reset state","","useRecipeModals hook Delete Confirmation should close delete confirmation and reset state",""
"passed","Thu May 14 21:09:32 UTC 2026","Thu May 14 21:09:32 UTC 2026","9","","RecipeCard","","RecipeCard Category Emojis should display breakfast emoji for breakfast category","","RecipeCard Category Emojis should display breakfast emoji for breakfast category",""
"passed","Thu May 14 21:09:26 UTC 2026","Thu May 14 21:09:26 UTC 2026","50","","AddRecipeModal Component","","AddRecipeModal Component should set foto_url to null when empty","","AddRecipeModal Component should set foto_url to null when empty",""
"passed","Thu May 14 21:09:33 UTC 2026","Thu May 14 21:09:33 UTC 2026","2","","RecipeSelectorModal","","RecipeSelectorModal should show empty message when no recipes match","","RecipeSelectorModal should show empty message when no recipes match",""
"passed","Thu May 14 21:09:34 UTC 2026","Thu May 14 21:09:34 UTC 2026","26","","TopBar Component","","TopBar Component generates correct initials for avatar placeholder","","TopBar Component generates correct initials for avatar placeholder",""
"passed","Thu May 14 21:09:32 UTC 2026","Thu May 14 21:09:32 UTC 2026","16","","ShoppingList Component","","ShoppingList Component displays item without quantity when quantity is undefined","","ShoppingList Component displays item without quantity when quantity is undefined",""
"passed","Thu May 14 21:09:29 UTC 2026","Thu May 14 21:09:29 UTC 2026","29","","EditRecipeModal Component","","EditRecipeModal Component populates form fields with recipe data","","EditRecipeModal Component populates form fields with recipe data",""
"passed","Thu May 14 21:09:32 UTC 2026","Thu May 14 21:09:32 UTC 2026","65","","ShoppingList Component","","ShoppingList Component calls navigateWeek on week navigation","","ShoppingList Component calls navigateWeek on week navigation",""
"passed","Thu May 14 21:09:34 UTC 2026","Thu May 14 21:09:34 UTC 2026","4","","TopBar Component","","TopBar Component has correct CSS classes for styling","","TopBar Component has correct CSS classes for styling",""
"passed","Thu May 14 21:09:33 UTC 2026","Thu May 14 21:09:33 UTC 2026","1","","useRecipeModals hook","","useRecipeModals hook Multiple operations should handle opening and closing detail modal multiple times","","useRecipeModals hook Multiple operations should handle opening and closing detail modal multiple times",""
"passed","Thu May 14 21:09:34 UTC 2026","Thu May 14 21:09:34 UTC 2026","51","","CalendarGrid","","CalendarGrid should render day headers","","CalendarGrid should render day headers",""
"passed","Thu May 14 21:09:26 UTC 2026","Thu May 14 21:09:26 UTC 2026","16","","AddRecipeModal Component","","AddRecipeModal Component should update prep time input","","AddRecipeModal Component should update prep time input",""
"passed","Thu May 14 21:09:34 UTC 2026","Thu May 14 21:09:34 UTC 2026","0","","mealPlanService","","mealPlanService deleteMealPlanEntry should throw on HTTP error","","mealPlanService deleteMealPlanEntry should throw on HTTP error",""
"passed","Thu May 14 21:09:32 UTC 2026","Thu May 14 21:09:32 UTC 2026","21","","ShoppingList Component","","ShoppingList Component separates main and common ingredients","","ShoppingList Component separates main and common ingredients",""
"passed","Thu May 14 21:09:34 UTC 2026","Thu May 14 21:09:34 UTC 2026","5","","TopBar Component","","TopBar Component renders avatar placeholder when no avatar provided","","TopBar Component renders avatar placeholder when no avatar provided",""
"passed","Thu May 14 21:09:25 UTC 2026","Thu May 14 21:09:25 UTC 2026","25","","Recipes Component","","Recipes Component Integration Tests should handle edit and delete operations in succession","","Recipes Component Integration Tests should handle edit and delete operations in succession",""
"passed","Thu May 14 21:09:25 UTC 2026","Thu May 14 21:09:25 UTC 2026","2","","recipeService","","recipeService getAllRecipes should return correct recipe structure","","recipeService getAllRecipes should return correct recipe structure",""
"passed","Thu May 14 21:09:28 UTC 2026","Thu May 14 21:09:28 UTC 2026","40","","MealPlanner","","MealPlanner should open recipe selector when empty cell is clicked","","MealPlanner should open recipe selector when empty cell is clicked",""
"passed","Thu May 14 21:09:33 UTC 2026","Thu May 14 21:09:33 UTC 2026","1","","useRecipeModals hook","","useRecipeModals hook Edge cases should handle recipe with very long name","","useRecipeModals hook Edge cases should handle recipe with very long name",""
"passed","Thu May 14 21:09:32 UTC 2026","Thu May 14 21:09:32 UTC 2026","11","","ShoppingList Component","","ShoppingList Component shows only main ingredients section when no common ingredients","","ShoppingList Component shows only main ingredients section when no common ingredients",""
"passed","Thu May 14 21:09:31 UTC 2026","Thu May 14 21:09:31 UTC 2026","3","","useShoppingList","","useShoppingList week navigation navigates to previous week","","useShoppingList week navigation navigates to previous week",""
"passed","Thu May 14 21:09:34 UTC 2026","Thu May 14 21:09:34 UTC 2026","5","","TopBar Component","","TopBar Component calls onMenuToggle when mobile menu button is clicked","","TopBar Component calls onMenuToggle when mobile menu button is clicked",""
"passed","Thu May 14 21:09:34 UTC 2026","Thu May 14 21:09:34 UTC 2026","1","","mealPlanService","","mealPlanService getMealPlan should return entries on success","","mealPlanService getMealPlan should return entries on success",""
"passed","Thu May 14 21:09:28 UTC 2026","Thu May 14 21:09:28 UTC 2026","12","","RecipeDetailModal Component","","RecipeDetailModal Component should display video element for non-YouTube video URL","","RecipeDetailModal Component should display video element for non-YouTube video URL",""
"passed","Thu May 14 21:09:31 UTC 2026","Thu May 14 21:09:31 UTC 2026","53","","useShoppingList","","useShoppingList error handling handles error when fetching meal plan fails","","useShoppingList error handling handles error when fetching meal plan fails",""
"passed","Thu May 14 21:09:32 UTC 2026","Thu May 14 21:09:32 UTC 2026","11","","ShoppingList Component","","ShoppingList Component renders quantity display for item without unit","","ShoppingList Component renders quantity display for item without unit",""
"passed","Thu May 14 21:09:34 UTC 2026","Thu May 14 21:09:34 UTC 2026","25","","CalendarGrid","","CalendarGrid should handle keyboard navigation on empty cells","","CalendarGrid should handle keyboard navigation on empty cells",""
"passed","Thu May 14 21:09:33 UTC 2026","Thu May 14 21:09:33 UTC 2026","0","","useRecipeModals hook","","useRecipeModals hook Delete Confirmation should open delete confirmation with recipe details","","useRecipeModals hook Delete Confirmation should open delete confirmation with recipe details",""
"passed","Thu May 14 21:09:25 UTC 2026","Thu May 14 21:09:25 UTC 2026","1","","recipeService","","recipeService getAllRecipes should log error to console on failure","","recipeService getAllRecipes should log error to console on failure",""
"passed","Thu May 14 21:09:33 UTC 2026","Thu May 14 21:09:33 UTC 2026","6","","QuickActions Component","","QuickActions Component calls onCategoryClick when a category is clicked","","QuickActions Component calls onCategoryClick when a category is clicked",""
"passed","Thu May 14 21:09:31 UTC 2026","Thu May 14 21:09:31 UTC 2026","54","","useShoppingList","","useShoppingList regenerate function can be called to regenerate list","","useShoppingList regenerate function can be called to regenerate list",""
"passed","Thu May 14 21:09:25 UTC 2026","Thu May 14 21:09:25 UTC 2026","0","","recipeService","","recipeService getRecipeById should handle zero as a valid recipe id","","recipeService getRecipeById should handle zero as a valid recipe id",""
"passed","Thu May 14 21:09:25 UTC 2026","Thu May 14 21:09:25 UTC 2026","2","","recipeService","","recipeService getAllRecipes should handle network errors","","recipeService getAllRecipes should handle network errors",""
"passed","Thu May 14 21:09:33 UTC 2026","Thu May 14 21:09:33 UTC 2026","6","","RecipeSelectorModal","","RecipeSelectorModal should clear search and show all recipes when search is cleared","","RecipeSelectorModal should clear search and show all recipes when search is cleared",""
"passed","Thu May 14 21:09:25 UTC 2026","Thu May 14 21:09:25 UTC 2026","101","","Recipes Component","","Recipes Component Delete Recipe Functionality should show delete confirmation popup when delete button is clicked","","Recipes Component Delete Recipe Functionality should show delete confirmation popup when delete button is clicked",""
"passed","Thu May 14 21:09:28 UTC 2026","Thu May 14 21:09:28 UTC 2026","20","","RecipeDetailModal Component","","RecipeDetailModal Component should display YouTube iframe for youtube.com/embed URL","","RecipeDetailModal Component should display YouTube iframe for youtube.com/embed URL",""
"passed","Thu May 14 21:09:32 UTC 2026","Thu May 14 21:09:32 UTC 2026","15","","RecipeCard","","RecipeCard Edge Cases should handle recipe with very long name","","RecipeCard Edge Cases should handle recipe with very long name",""
"passed","Thu May 14 21:09:25 UTC 2026","Thu May 14 21:09:25 UTC 2026","55","","useRecipes hook","","useRecipes hook Error recovery should not affect recipes list when delete fails","","useRecipes hook Error recovery should not affect recipes list when delete fails",""
"passed","Thu May 14 21:09:31 UTC 2026","Thu May 14 21:09:31 UTC 2026","88","","useShoppingList","","useShoppingList fetching and aggregating data fetches meal plan and recipes for entire week","","useShoppingList fetching and aggregating data fetches meal plan and recipes for entire week",""
"passed","Thu May 14 21:09:33 UTC 2026","Thu May 14 21:09:33 UTC 2026","2","","useRecipeModals hook","","useRecipeModals hook Multiple operations should maintain delete confirmation state while other modals change","","useRecipeModals hook Multiple operations should maintain delete confirmation state while other modals change",""
"passed","Thu May 14 21:09:26 UTC 2026","Thu May 14 21:09:26 UTC 2026","16","","AddRecipeModal Component","","AddRecipeModal Component should update portions input","","AddRecipeModal Component should update portions input",""
"passed","Thu May 14 21:09:25 UTC 2026","Thu May 14 21:09:25 UTC 2026","33","","Recipes Component","","Recipes Component Edit Recipe Functionality should keep recipe unchanged when update fails","","Recipes Component Edit Recipe Functionality should keep recipe unchanged when update fails",""
"passed","Thu May 14 21:09:28 UTC 2026","Thu May 14 21:09:28 UTC 2026","32","","MealPlanner","","MealPlanner Meal Plan Navigation and Display should handle error when adding meal plan entry","","MealPlanner Meal Plan Navigation and Display should handle error when adding meal plan entry",""
"passed","Thu May 14 21:09:28 UTC 2026","Thu May 14 21:09:28 UTC 2026","13","","RecipeDetailModal Component","","RecipeDetailModal Component should have correct category badge class for snack","","RecipeDetailModal Component should have correct category badge class for snack",""
"passed","Thu May 14 21:09:31 UTC 2026","Thu May 14 21:09:31 UTC 2026","13","","App Component","","App Component passes correct props to child components","","App Component passes correct props to child components",""
"passed","Thu May 14 21:09:34 UTC 2026","Thu May 14 21:09:34 UTC 2026","3","","RecipeGrid Component","","RecipeGrid Component displays empty message when no recipes are available","","RecipeGrid Component displays empty message when no recipes are available",""
"passed","Thu May 14 21:09:33 UTC 2026","Thu May 14 21:09:33 UTC 2026","10","","QuickActions Component","","QuickActions Component renders all quick action items","","QuickActions Component renders all quick action items",""
"passed","Thu May 14 21:09:28 UTC 2026","Thu May 14 21:09:28 UTC 2026","5","","RecipeDetailModal Component","","RecipeDetailModal Component should not render when isOpen is false","","RecipeDetailModal Component should not render when isOpen is false",""
"passed","Thu May 14 21:09:25 UTC 2026","Thu May 14 21:09:25 UTC 2026","25","","Recipes Component","","Recipes Component Empty State should not display search info when no recipes and no search query","","Recipes Component Empty State should not display search info when no recipes and no search query",""
"passed","Thu May 14 21:09:26 UTC 2026","Thu May 14 21:09:26 UTC 2026","33","","AddRecipeModal Component","","AddRecipeModal Component should update recipe name input","","AddRecipeModal Component should update recipe name input",""
"passed","Thu May 14 21:09:26 UTC 2026","Thu May 14 21:09:26 UTC 2026","99","","AddRecipeModal Component","","AddRecipeModal Component should call onClose when close button is clicked","","AddRecipeModal Component should call onClose when close button is clicked",""
"passed","Thu May 14 21:09:25 UTC 2026","Thu May 14 21:09:25 UTC 2026","94","","Recipes Component","","Recipes Component Delete Recipe Functionality should close delete confirmation modal after successful deletion","","Recipes Component Delete Recipe Functionality should close delete confirmation modal after successful deletion",""
"passed","Thu May 14 21:09:33 UTC 2026","Thu May 14 21:09:33 UTC 2026","3","","RecipeSelectorModal","","RecipeSelectorModal should display recipe image when foto_url is provided","","RecipeSelectorModal should display recipe image when foto_url is provided",""
"passed","Thu May 14 21:09:33 UTC 2026","Thu May 14 21:09:33 UTC 2026","1","","useRecipeModals hook","","useRecipeModals hook Multiple operations should handle switching between different recipes in delete confirmation","","useRecipeModals hook Multiple operations should handle switching between different recipes in delete confirmation",""
"passed","Thu May 14 21:09:28 UTC 2026","Thu May 14 21:09:28 UTC 2026","15","","RecipeDetailModal Component","","RecipeDetailModal Component should have correct category badge class for dinner","","RecipeDetailModal Component should have correct category badge class for dinner",""
"passed","Thu May 14 21:09:25 UTC 2026","Thu May 14 21:09:25 UTC 2026","1","","recipeService","","recipeService Error Logging should always log errors to console when they occur","","recipeService Error Logging should always log errors to console when they occur",""
"passed","Thu May 14 21:09:33 UTC 2026","Thu May 14 21:09:33 UTC 2026","1","","useRecipeModals hook","","useRecipeModals hook Edge cases should handle recipe with id 0","","useRecipeModals hook Edge cases should handle recipe with id 0",""
"passed","Thu May 14 21:09:26 UTC 2026","Thu May 14 21:09:26 UTC 2026","63","","AddRecipeModal Component","","AddRecipeModal Component should render when isOpen is true","","AddRecipeModal Component should render when isOpen is true",""
"passed","Thu May 14 21:09:25 UTC 2026","Thu May 14 21:09:25 UTC 2026","58","","useRecipes hook","","useRecipes hook updateRecipe should update recipe with id 2","","useRecipes hook updateRecipe should update recipe with id 2",""
"passed","Thu May 14 21:09:28 UTC 2026","Thu May 14 21:09:28 UTC 2026","32","","MealPlanner","","MealPlanner should display existing meal plan entries","","MealPlanner should display existing meal plan entries",""
"passed","Thu May 14 21:09:31 UTC 2026","Thu May 14 21:09:31 UTC 2026","21","","App Component","","App Component navigates to shopping list when Shopping List quick action is clicked","","App Component navigates to shopping list when Shopping List quick action is clicked",""
"passed","Thu May 14 21:09:34 UTC 2026","Thu May 14 21:09:34 UTC 2026","12","","RecipeGrid Component","","RecipeGrid Component handles partial search matches","","RecipeGrid Component handles partial search matches",""
"passed","Thu May 14 21:09:32 UTC 2026","Thu May 14 21:09:32 UTC 2026","3","","RecipeCard","","RecipeCard Category Emojis should display dinner emoji for dinner category","","RecipeCard Category Emojis should display dinner emoji for dinner category",""
"passed","Thu May 14 21:09:31 UTC 2026","Thu May 14 21:09:31 UTC 2026","10","","App Component","","App Component displays default section as ""Meal Planner""","","App Component displays default section as ""Meal Planner""",""
"passed","Thu May 14 21:09:30 UTC 2026","Thu May 14 21:09:30 UTC 2026","1","","shoppingListService","","shoppingListService aggregateIngredients handles multiple recipes with different quantities","","shoppingListService aggregateIngredients handles multiple recipes with different quantities",""
"passed","Thu May 14 21:09:28 UTC 2026","Thu May 14 21:09:28 UTC 2026","24","","RecipeDetailModal Component","","RecipeDetailModal Component should display YouTube iframe for youtu.be short URL","","RecipeDetailModal Component should display YouTube iframe for youtu.be short URL",""
"passed","Thu May 14 21:09:28 UTC 2026","Thu May 14 21:09:28 UTC 2026","63","","MealPlanner","","MealPlanner should navigate to previous week","","MealPlanner should navigate to previous week",""
"passed","Thu May 14 21:09:25 UTC 2026","Thu May 14 21:09:25 UTC 2026","111","","Recipes Component","","Recipes Component Edit Recipe Functionality should handle update recipe callback","","Recipes Component Edit Recipe Functionality should handle update recipe callback",""
"passed","Thu May 14 21:09:33 UTC 2026","Thu May 14 21:09:33 UTC 2026","0","","getMonday","","getMonday should return Monday when date is Tuesday","","getMonday should return Monday when date is Tuesday",""
"passed","Thu May 14 21:09:30 UTC 2026","Thu May 14 21:09:30 UTC 2026","1","","shoppingListService","","shoppingListService aggregateIngredients handles recipes with undefined common_ingredients array","","shoppingListService aggregateIngredients handles recipes with undefined common_ingredients array",""
"passed","Thu May 14 21:09:25 UTC 2026","Thu May 14 21:09:25 UTC 2026","48","","Recipes Component","","Recipes Component Successful Data Fetching should render correct category emojis","","Recipes Component Successful Data Fetching should render correct category emojis",""
"passed","Thu May 14 21:09:32 UTC 2026","Thu May 14 21:09:32 UTC 2026","11","","ShoppingList Component","","ShoppingList Component renders empty state when no items","","ShoppingList Component renders empty state when no items",""
"passed","Thu May 14 21:09:25 UTC 2026","Thu May 14 21:09:25 UTC 2026","1","","recipeService","","recipeService getRecipeById should fetch recipe with different id","","recipeService getRecipeById should fetch recipe with different id",""
"passed","Thu May 14 21:09:33 UTC 2026","Thu May 14 21:09:33 UTC 2026","54","","getMonday","","useMealPlanner should add meal plan entry","","useMealPlanner should add meal plan entry",""
"passed","Thu May 14 21:09:25 UTC 2026","Thu May 14 21:09:25 UTC 2026","4","","recipeService","","recipeService getAllRecipes should fetch all recipes successfully","","recipeService getAllRecipes should fetch all recipes successfully",""
"passed","Thu May 14 21:09:30 UTC 2026","Thu May 14 21:09:30 UTC 2026","0","","shoppingListService","","shoppingListService aggregateIngredients preserves trimmed names for common ingredients","","shoppingListService aggregateIngredients preserves trimmed names for common ingredients",""
"passed","Thu May 14 21:09:25 UTC 2026","Thu May 14 21:09:25 UTC 2026","5","","Recipes Component","","Recipes Component Component Lifecycle should fetch recipes on mount","","Recipes Component Component Lifecycle should fetch recipes on mount",""
"passed","Thu May 14 21:09:31 UTC 2026","Thu May 14 21:09:31 UTC 2026","98","","App Component","","App Component maintains state correctly across interactions","","App Component maintains state correctly across interactions",""
"passed","Thu May 14 21:09:25 UTC 2026","Thu May 14 21:09:25 UTC 2026","1","","recipeService","","recipeService addRecipe should add a recipe successfully","","recipeService addRecipe should add a recipe successfully",""
"passed","Thu May 14 21:09:25 UTC 2026","Thu May 14 21:09:25 UTC 2026","1","","recipeService","","recipeService getAllRecipes should handle malformed JSON response","","recipeService getAllRecipes should handle malformed JSON response",""
"passed","Thu May 14 21:09:29 UTC 2026","Thu May 14 21:09:29 UTC 2026","149","","EditRecipeModal Component","","EditRecipeModal Component allows editing foto URL","","EditRecipeModal Component allows editing foto URL",""
"passed","Thu May 14 21:09:34 UTC 2026","Thu May 14 21:09:34 UTC 2026","9","","TopBar Component","","TopBar Component renders all navigation items","","TopBar Component renders all navigation items",""
"passed","Thu May 14 21:09:34 UTC 2026","Thu May 14 21:09:34 UTC 2026","12","","SearchBar Component","","SearchBar Component has a submit button","","SearchBar Component has a submit button",""
"passed","Thu May 14 21:09:31 UTC 2026","Thu May 14 21:09:31 UTC 2026","27","","App Component","","App Component renders with React.StrictMode compatibility","","App Component renders with React.StrictMode compatibility",""
"passed","Thu May 14 21:09:28 UTC 2026","Thu May 14 21:09:28 UTC 2026","50","","MealPlanner","","MealPlanner Meal Plan Navigation and Display should handle closing detail modal","","MealPlanner Meal Plan Navigation and Display should handle closing detail modal",""
"passed","Thu May 14 21:09:32 UTC 2026","Thu May 14 21:09:32 UTC 2026","11","","Categories Component","","Categories Component renders categories in correct order","","Categories Component renders categories in correct order",""
"passed","Thu May 14 21:09:32 UTC 2026","Thu May 14 21:09:32 UTC 2026","6","","Categories Component","","Categories Component applies correct CSS custom properties for category colors","","Categories Component applies correct CSS custom properties for category colors",""
"passed","Thu May 14 21:09:25 UTC 2026","Thu May 14 21:09:25 UTC 2026","76","","Recipes Component","","Recipes Component Delete Recipe Functionality should delete the recipe when confirm button is clicked","","Recipes Component Delete Recipe Functionality should delete the recipe when confirm button is clicked",""
"passed","Thu May 14 21:09:33 UTC 2026","Thu May 14 21:09:33 UTC 2026","55","","getMonday","","useMealPlanner should navigate to previous week","","useMealPlanner should navigate to previous week",""
"passed","Thu May 14 21:09:34 UTC 2026","Thu May 14 21:09:34 UTC 2026","17","","CalendarGrid","","CalendarGrid should call onRemoveEntry when remove button is clicked","","CalendarGrid should call onRemoveEntry when remove button is clicked",""
"passed","Thu May 14 21:09:31 UTC 2026","Thu May 14 21:09:31 UTC 2026","55","","App Component","","App Component navigates to recipes page when Recipes nav is clicked","","App Component navigates to recipes page when Recipes nav is clicked",""
"passed","Thu May 14 21:09:34 UTC 2026","Thu May 14 21:09:34 UTC 2026","69","","SearchBar Component","","SearchBar Component calls onSearchChange when input value changes","","SearchBar Component calls onSearchChange when input value changes",""
"passed","Thu May 14 21:09:34 UTC 2026","Thu May 14 21:09:34 UTC 2026","6","","TopBar Component","","TopBar Component renders user section with default user","","TopBar Component renders user section with default user",""
"passed","Thu May 14 21:09:30 UTC 2026","Thu May 14 21:09:30 UTC 2026","1","","shoppingListService","","shoppingListService aggregateIngredients preserves trimmed names for main ingredients","","shoppingListService aggregateIngredients preserves trimmed names for main ingredients",""
"passed","Thu May 14 21:09:28 UTC 2026","Thu May 14 21:09:28 UTC 2026","31","","MealPlanner","","MealPlanner Meal Plan Navigation and Display should handle concurrent operations gracefully","","MealPlanner Meal Plan Navigation and Display should handle concurrent operations gracefully",""
"passed","Thu May 14 21:09:28 UTC 2026","Thu May 14 21:09:28 UTC 2026","96","","RecipeDetailModal Component","","RecipeDetailModal Component should call onClose when close button is clicked","","RecipeDetailModal Component should call onClose when close button is clicked",""
"passed","Thu May 14 21:09:30 UTC 2026","Thu May 14 21:09:30 UTC 2026","1","","shoppingListService","","shoppingListService aggregateIngredients handles recipes with no ingredients","","shoppingListService aggregateIngredients handles recipes with no ingredients",""
"passed","Thu May 14 21:09:28 UTC 2026","Thu May 14 21:09:28 UTC 2026","59","","MealPlanner","","MealPlanner should close recipe selector when close button is clicked","","MealPlanner should close recipe selector when close button is clicked",""
"passed","Thu May 14 21:09:28 UTC 2026","Thu May 14 21:09:28 UTC 2026","38","","MealPlanner","","MealPlanner Meal Plan Navigation and Display should filter recipes by category when breakfast slot selected","","MealPlanner Meal Plan Navigation and Display should filter recipes by category when breakfast slot selected",""
"passed","Thu May 14 21:09:32 UTC 2026","Thu May 14 21:09:32 UTC 2026","19","","Categories Component","","Categories Component renders all category items","","Categories Component renders all category items",""
"passed","Thu May 14 21:09:34 UTC 2026","Thu May 14 21:09:34 UTC 2026","26","","CalendarGrid","","CalendarGrid should display day dates","","CalendarGrid should display day dates",""
"passed","Thu May 14 21:09:31 UTC 2026","Thu May 14 21:09:31 UTC 2026","54","","useShoppingList","","useShoppingList fetching and aggregating data deduplicates recipe IDs before fetching","","useShoppingList fetching and aggregating data deduplicates recipe IDs before fetching",""
"passed","Thu May 14 21:09:25 UTC 2026","Thu May 14 21:09:25 UTC 2026","58","","useRecipes hook","","useRecipes hook updateRecipe should return false and log error when updating recipe fails","","useRecipes hook updateRecipe should return false and log error when updating recipe fails",""
"passed","Thu May 14 21:09:33 UTC 2026","Thu May 14 21:09:33 UTC 2026","25","","QuickActions Component","","QuickActions Component has proper accessibility attributes","","QuickActions Component has proper accessibility attributes",""
"passed","Thu May 14 21:09:34 UTC 2026","Thu May 14 21:09:34 UTC 2026","0","","mealPlanService","","mealPlanService deleteMealPlanEntry should complete without error on success","","mealPlanService deleteMealPlanEntry should complete without error on success",""
"passed","Thu May 14 21:09:34 UTC 2026","Thu May 14 21:09:34 UTC 2026","97","","TopBar Component","","TopBar Component navigates to each section when nav items are clicked","","TopBar Component navigates to each section when nav items are clicked",""
"passed","Thu May 14 21:09:26 UTC 2026","Thu May 14 21:09:26 UTC 2026","13","","AddRecipeModal Component","","AddRecipeModal Component should update main ingredient name","","AddRecipeModal Component should update main ingredient name",""
"passed","Thu May 14 21:09:29 UTC 2026","Thu May 14 21:09:29 UTC 2026","70","","EditRecipeModal Component","","EditRecipeModal Component should handle removing main ingredient with validation","","EditRecipeModal Component should handle removing main ingredient with validation",""
"passed","Thu May 14 21:09:28 UTC 2026","Thu May 14 21:09:28 UTC 2026","32","","RecipeDetailModal Component","","RecipeDetailModal Component should display recipe image when foto_url is provided","","RecipeDetailModal Component should display recipe image when foto_url is provided",""
"passed","Thu May 14 21:09:34 UTC 2026","Thu May 14 21:09:34 UTC 2026","2","","RecipeGrid Component","","RecipeGrid Component displays empty message when search query returns no results","","RecipeGrid Component displays empty message when search query returns no results",""
"passed","Thu May 14 21:09:25 UTC 2026","Thu May 14 21:09:25 UTC 2026","58","","useRecipes hook","","useRecipes hook Multiple operations should handle deleting multiple recipes sequentially","","useRecipes hook Multiple operations should handle deleting multiple recipes sequentially",""
"passed","Thu May 14 21:09:25 UTC 2026","Thu May 14 21:09:25 UTC 2026","22","","Recipes Component","","Recipes Component Integration Tests should display all recipe information on successful load","","Recipes Component Integration Tests should display all recipe information on successful load",""
"passed","Thu May 14 21:09:25 UTC 2026","Thu May 14 21:09:25 UTC 2026","1","","recipeService","","recipeService getAllRecipes should handle 404 error","","recipeService getAllRecipes should handle 404 error",""
"passed","Thu May 14 21:09:33 UTC 2026","Thu May 14 21:09:33 UTC 2026","6","","QuickActions Component","","QuickActions Component shows active category when location state has category","","QuickActions Component shows active category when location state has category",""
"passed","Thu May 14 21:09:28 UTC 2026","Thu May 14 21:09:28 UTC 2026","25","","RecipeDetailModal Component","","RecipeDetailModal Component should display YouTube iframe for youtube.com/watch URL","","RecipeDetailModal Component should display YouTube iframe for youtube.com/watch URL",""
"passed","Thu May 14 21:09:32 UTC 2026","Thu May 14 21:09:32 UTC 2026","33","","ShoppingList Component","","ShoppingList Component renders main ingredients with all columns","","ShoppingList Component renders main ingredients with all columns",""
"passed","Thu May 14 21:09:32 UTC 2026","Thu May 14 21:09:32 UTC 2026","6","","RecipeCard","","RecipeCard Edge Cases should display emoji placeholder when foto_url is undefined","","RecipeCard Edge Cases should display emoji placeholder when foto_url is undefined",""
"passed","Thu May 14 21:09:31 UTC 2026","Thu May 14 21:09:31 UTC 2026","106","","useShoppingList","","useShoppingList error handling clears error and items on new attempt","","useShoppingList error handling clears error and items on new attempt",""
"passed","Thu May 14 21:09:34 UTC 2026","Thu May 14 21:09:34 UTC 2026","21","","CalendarGrid","","CalendarGrid should display recipe name in filled cells","","CalendarGrid should display recipe name in filled cells",""
"passed","Thu May 14 21:09:34 UTC 2026","Thu May 14 21:09:34 UTC 2026","8","","WeekNavigator","","WeekNavigator should display the week range","","WeekNavigator should display the week range",""
"passed","Thu May 14 21:09:25 UTC 2026","Thu May 14 21:09:25 UTC 2026","1","","recipeService","","recipeService API URL Configuration should use correct API endpoint for getRecipeById","","recipeService API URL Configuration should use correct API endpoint for getRecipeById",""
"passed","Thu May 14 21:09:32 UTC 2026","Thu May 14 21:09:32 UTC 2026","32","","ShoppingList Component","","ShoppingList Component displays range selector buttons","","ShoppingList Component displays range selector buttons",""
"passed","Thu May 14 21:09:31 UTC 2026","Thu May 14 21:09:31 UTC 2026","3","","useShoppingList","","useShoppingList date formatting sets hours to 00:00:00 for weekStart","","useShoppingList date formatting sets hours to 00:00:00 for weekStart",""
"passed","Thu May 14 21:09:25 UTC 2026","Thu May 14 21:09:25 UTC 2026","20","","Recipes Component","","Recipes Component Recipe Grid Layout should render recipe cards with correct structure","","Recipes Component Recipe Grid Layout should render recipe cards with correct structure",""
"passed","Thu May 14 21:09:25 UTC 2026","Thu May 14 21:09:25 UTC 2026","34","","Recipes Component","","Recipes Component Edit Recipe Functionality should handle errors when updating recipe fails","","Recipes Component Edit Recipe Functionality should handle errors when updating recipe fails",""
"passed","Thu May 14 21:09:34 UTC 2026","Thu May 14 21:09:34 UTC 2026","2","","SearchBar Component","","SearchBar Component displays the current search query value","","SearchBar Component displays the current search query value",""
"passed","Thu May 14 21:09:30 UTC 2026","Thu May 14 21:09:30 UTC 2026","1","","shoppingListService","","shoppingListService aggregateIngredients separates main and common ingredients","","shoppingListService aggregateIngredients separates main and common ingredients",""
"passed","Thu May 14 21:09:33 UTC 2026","Thu May 14 21:09:33 UTC 2026","53","","getMonday","","useMealPlanner should return undefined for non-existent entry","","useMealPlanner should return undefined for non-existent entry",""
"passed","Thu May 14 21:09:34 UTC 2026","Thu May 14 21:09:34 UTC 2026","8","","TopBar Component","","TopBar Component renders language selector","","TopBar Component renders language selector",""
"passed","Thu May 14 21:09:28 UTC 2026","Thu May 14 21:09:28 UTC 2026","11","","RecipeDetailModal Component","","RecipeDetailModal Component should display snack emoji for snack category","","RecipeDetailModal Component should display snack emoji for snack category",""
"passed","Thu May 14 21:09:26 UTC 2026","Thu May 14 21:09:26 UTC 2026","21","","AddRecipeModal Component","","AddRecipeModal Component should call onClose when cancel button is clicked","","AddRecipeModal Component should call onClose when cancel button is clicked",""
"passed","Thu May 14 21:09:25 UTC 2026","Thu May 14 21:09:25 UTC 2026","0","","recipeService","","recipeService getRecipeById should throw error when response is not ok","","recipeService getRecipeById should throw error when response is not ok",""
"passed","Thu May 14 21:09:28 UTC 2026","Thu May 14 21:09:28 UTC 2026","13","","RecipeDetailModal Component","","RecipeDetailModal Component should display breakfast emoji for breakfast category","","RecipeDetailModal Component should display breakfast emoji for breakfast category",""
"passed","Thu May 14 21:09:32 UTC 2026","Thu May 14 21:09:32 UTC 2026","3","","RecipeCard","","RecipeCard Interactions should not trigger onRecipeClick when delete button is clicked","","RecipeCard Interactions should not trigger onRecipeClick when delete button is clicked",""
"passed","Thu May 14 21:09:33 UTC 2026","Thu May 14 21:09:33 UTC 2026","3","","RecipeSelectorModal","","RecipeSelectorModal should call onClose when backdrop is clicked","","RecipeSelectorModal should call onClose when backdrop is clicked",""
"passed","Thu May 14 21:09:25 UTC 2026","Thu May 14 21:09:25 UTC 2026","1","","recipeService","","recipeService deleteRecipe should handle network errors when deleting a recipe","","recipeService deleteRecipe should handle network errors when deleting a recipe",""
"passed","Thu May 14 21:09:26 UTC 2026","Thu May 14 21:09:26 UTC 2026","81","","AddRecipeModal Component","","AddRecipeModal Component should filter out empty main ingredients when submitting","","AddRecipeModal Component should filter out empty main ingredients when submitting",""
"passed","Thu May 14 21:09:26 UTC 2026","Thu May 14 21:09:26 UTC 2026","30","","AddRecipeModal Component","","AddRecipeModal Component should update category selection","","AddRecipeModal Component should update category selection",""
"passed","Thu May 14 21:09:25 UTC 2026","Thu May 14 21:09:25 UTC 2026","56","","useRecipes hook","","useRecipes hook updateRecipe should handle updating non-existent recipe","","useRecipes hook updateRecipe should handle updating non-existent recipe",""
"passed","Thu May 14 21:09:34 UTC 2026","Thu May 14 21:09:34 UTC 2026","7","","TopBar Component","","TopBar Component renders mobile menu SVG icon correctly","","TopBar Component renders mobile menu SVG icon correctly",""
"passed","Thu May 14 21:09:31 UTC 2026","Thu May 14 21:09:31 UTC 2026","53","","useShoppingList","","useShoppingList item management updates item by id","","useShoppingList item management updates item by id",""
"passed","Thu May 14 21:09:31 UTC 2026","Thu May 14 21:09:31 UTC 2026","46","","App Component","","App Component renders all main components","","App Component renders all main components",""
"passed","Thu May 14 21:09:34 UTC 2026","Thu May 14 21:09:34 UTC 2026","20","","TopBar Component","","TopBar Component has proper semantic structure","","TopBar Component has proper semantic structure",""
"passed","Thu May 14 21:09:28 UTC 2026","Thu May 14 21:09:28 UTC 2026","14","","RecipeDetailModal Component","","RecipeDetailModal Component should display default emoji for unknown category","","RecipeDetailModal Component should display default emoji for unknown category",""
"passed","Thu May 14 21:09:32 UTC 2026","Thu May 14 21:09:32 UTC 2026","4","","RecipeCard","","RecipeCard Category Emojis should display snack emoji for snack category","","RecipeCard Category Emojis should display snack emoji for snack category",""
"passed","Thu May 14 21:09:28 UTC 2026","Thu May 14 21:09:28 UTC 2026","25","","RecipeDetailModal Component","","RecipeDetailModal Component should display recipe name","","RecipeDetailModal Component should display recipe name",""
"passed","Thu May 14 21:09:25 UTC 2026","Thu May 14 21:09:25 UTC 2026","143","","Recipes Component","","Recipes Component Search Functionality should submit search by clicking search button","","Recipes Component Search Functionality should submit search by clicking search button",""
"passed","Thu May 14 21:09:29 UTC 2026","Thu May 14 21:09:29 UTC 2026","53","","EditRecipeModal Component","","EditRecipeModal Component handles adding new main ingredient","","EditRecipeModal Component handles adding new main ingredient",""
"passed","Thu May 14 21:09:26 UTC 2026","Thu May 14 21:09:26 UTC 2026","48","","AddRecipeModal Component","","AddRecipeModal Component should add a new main ingredient","","AddRecipeModal Component should add a new main ingredient",""
"passed","Thu May 14 21:09:28 UTC 2026","Thu May 14 21:09:28 UTC 2026","13","","RecipeDetailModal Component","","RecipeDetailModal Component should not display common ingredients section when empty","","RecipeDetailModal Component should not display common ingredients section when empty",""
"passed","Thu May 14 21:09:35 UTC 2026","Thu May 14 21:09:35 UTC 2026","1","","Home Component","","Home Component has correct CSS class","","Home Component has correct CSS class",""
"passed","Thu May 14 21:09:31 UTC 2026","Thu May 14 21:09:31 UTC 2026","2","","useShoppingList","","useShoppingList Monday calculation returns previous Monday when called on other days","","useShoppingList Monday calculation returns previous Monday when called on other days",""
"passed","Thu May 14 21:09:33 UTC 2026","Thu May 14 21:09:33 UTC 2026","4","","RecipeSelectorModal","","RecipeSelectorModal should perform case-insensitive search","","RecipeSelectorModal should perform case-insensitive search",""
"passed","Thu May 14 21:09:28 UTC 2026","Thu May 14 21:09:28 UTC 2026","69","","MealPlanner","","MealPlanner Meal Plan Navigation and Display should handle error when deleting meal plan entry","","MealPlanner Meal Plan Navigation and Display should handle error when deleting meal plan entry",""
"passed","Thu May 14 21:09:34 UTC 2026","Thu May 14 21:09:34 UTC 2026","4","","WeekNavigator","","WeekNavigator should call onNavigate(-1) when previous button is clicked","","WeekNavigator should call onNavigate(-1) when previous button is clicked",""
"passed","Thu May 14 21:09:28 UTC 2026","Thu May 14 21:09:28 UTC 2026","12","","RecipeDetailModal Component","","RecipeDetailModal Component should not display common ingredients section when undefined","","RecipeDetailModal Component should not display common ingredients section when undefined",""
"passed","Thu May 14 21:09:29 UTC 2026","Thu May 14 21:09:29 UTC 2026","20","","EditRecipeModal Component","","EditRecipeModal Component handles recipe with no main ingredients","","EditRecipeModal Component handles recipe with no main ingredients",""
"passed","Thu May 14 21:09:34 UTC 2026","Thu May 14 21:09:34 UTC 2026","1","","mealPlanService","","mealPlanService addMealPlanEntry should return the created entry","","mealPlanService addMealPlanEntry should return the created entry",""
"passed","Thu May 14 21:09:33 UTC 2026","Thu May 14 21:09:33 UTC 2026","9","","QuickActions Component","","QuickActions Component passes onCategoryClick callback to Categories component","","QuickActions Component passes onCategoryClick callback to Categories component",""
"passed","Thu May 14 21:09:29 UTC 2026","Thu May 14 21:09:29 UTC 2026","80","","EditRecipeModal Component","","EditRecipeModal Component allows removing main ingredients","","EditRecipeModal Component allows removing main ingredients",""
"passed","Thu May 14 21:09:29 UTC 2026","Thu May 14 21:09:29 UTC 2026","85","","EditRecipeModal Component","","EditRecipeModal Component calls onEditRecipe with updated data on form submission","","EditRecipeModal Component calls onEditRecipe with updated data on form submission",""
"passed","Thu May 14 21:09:32 UTC 2026","Thu May 14 21:09:32 UTC 2026","5","","RecipeCard","","RecipeCard Category Emojis should display lunch emoji for lunch category","","RecipeCard Category Emojis should display lunch emoji for lunch category",""
"passed","Thu May 14 21:09:28 UTC 2026","Thu May 14 21:09:28 UTC 2026","25","","RecipeDetailModal Component","","RecipeDetailModal Component should display prep time","","RecipeDetailModal Component should display prep time",""
"passed","Thu May 14 21:09:34 UTC 2026","Thu May 14 21:09:34 UTC 2026","23","","CalendarGrid","","CalendarGrid should show ""+"" for empty cells","","CalendarGrid should show ""+"" for empty cells",""
"passed","Thu May 14 21:09:34 UTC 2026","Thu May 14 21:09:34 UTC 2026","4","","ConfirmationPopup Component","","ConfirmationPopup Component should not render when isOpen is false","","ConfirmationPopup Component should not render when isOpen is false",""
"passed","Thu May 14 21:09:25 UTC 2026","Thu May 14 21:09:25 UTC 2026","422","","Recipes Component","","Recipes Component Add Recipe Functionality should keep the add recipe modal open when submission fails","","Recipes Component Add Recipe Functionality should keep the add recipe modal open when submission fails",""
"passed","Thu May 14 21:09:33 UTC 2026","Thu May 14 21:09:33 UTC 2026","3","","getMonday","","useMealPlanner should have error null initially","","useMealPlanner should have error null initially",""
"passed","Thu May 14 21:09:32 UTC 2026","Thu May 14 21:09:32 UTC 2026","81","","ShoppingList Component","","ShoppingList Component handles quantity editing with only unit change","","ShoppingList Component handles quantity editing with only unit change",""
"passed","Thu May 14 21:09:31 UTC 2026","Thu May 14 21:09:31 UTC 2026","54","","useShoppingList","","useShoppingList date formatting formats date correctly for API calls","","useShoppingList date formatting formats date correctly for API calls",""
"passed","Thu May 14 21:09:32 UTC 2026","Thu May 14 21:09:32 UTC 2026","29","","ShoppingList Component","","ShoppingList Component shows correct ingredient quantity format","","ShoppingList Component shows correct ingredient quantity format",""
"passed","Thu May 14 21:09:25 UTC 2026","Thu May 14 21:09:25 UTC 2026","57","","useRecipes hook","","useRecipes hook Initial state and data fetching should handle empty recipe list","","useRecipes hook Initial state and data fetching should handle empty recipe list",""
"passed","Thu May 14 21:09:29 UTC 2026","Thu May 14 21:09:29 UTC 2026","84","","EditRecipeModal Component","","EditRecipeModal Component handles adding common ingredient","","EditRecipeModal Component handles adding common ingredient",""
"passed","Thu May 14 21:09:28 UTC 2026","Thu May 14 21:09:28 UTC 2026","19","","RecipeDetailModal Component","","RecipeDetailModal Component should not call onClose when clicking inside modal content","","RecipeDetailModal Component should not call onClose when clicking inside modal content",""
"passed","Thu May 14 21:09:25 UTC 2026","Thu May 14 21:09:25 UTC 2026","16","","Recipes Component","","Recipes Component Error Handling should display error message when fetch fails","","Recipes Component Error Handling should display error message when fetch fails",""
"passed","Thu May 14 21:09:32 UTC 2026","Thu May 14 21:09:32 UTC 2026","19","","ShoppingList Component","","ShoppingList Component does not show editable quantity for common ingredients","","ShoppingList Component does not show editable quantity for common ingredients",""
"passed","Thu May 14 21:09:34 UTC 2026","Thu May 14 21:09:34 UTC 2026","61","","TopBar Component","","TopBar Component sets ""Meal Planner"" as active tab by default","","TopBar Component sets ""Meal Planner"" as active tab by default",""
"passed","Thu May 14 21:09:25 UTC 2026","Thu May 14 21:09:25 UTC 2026","0","","recipeService","","recipeService API URL Configuration should use correct API endpoint for getAllRecipes","","recipeService API URL Configuration should use correct API endpoint for getAllRecipes",""
"passed","Thu May 14 21:09:34 UTC 2026","Thu May 14 21:09:34 UTC 2026","15","","SearchBar Component","","SearchBar Component renders search form","","SearchBar Component renders search form",""
"passed","Thu May 14 21:09:34 UTC 2026","Thu May 14 21:09:34 UTC 2026","5","","TopBar Component","","TopBar Component renders mobile menu button","","TopBar Component renders mobile menu button",""
"passed","Thu May 14 21:09:26 UTC 2026","Thu May 14 21:09:26 UTC 2026","26","","AddRecipeModal Component","","AddRecipeModal Component should update foto url input","","AddRecipeModal Component should update foto url input",""
"passed","Thu May 14 21:09:31 UTC 2026","Thu May 14 21:09:31 UTC 2026","59","","useShoppingList","","useShoppingList range handling loads shopping list for first-half range","","useShoppingList range handling loads shopping list for first-half range",""
"passed","Thu May 14 21:09:28 UTC 2026","Thu May 14 21:09:28 UTC 2026","15","","RecipeDetailModal Component","","RecipeDetailModal Component should handle recipe with single main ingredient","","RecipeDetailModal Component should handle recipe with single main ingredient",""
"passed","Thu May 14 21:09:25 UTC 2026","Thu May 14 21:09:25 UTC 2026","55","","useRecipes hook","","useRecipes hook Error recovery should not affect recipes list when add fails","","useRecipes hook Error recovery should not affect recipes list when add fails",""
"passed","Thu May 14 21:09:29 UTC 2026","Thu May 14 21:09:29 UTC 2026","61","","EditRecipeModal Component","","EditRecipeModal Component allows editing prep time","","EditRecipeModal Component allows editing prep time",""
"passed","Thu May 14 21:09:33 UTC 2026","Thu May 14 21:09:33 UTC 2026","8","","QuickActions Component","","QuickActions Component calls onActionClick when a quick action is clicked","","QuickActions Component calls onActionClick when a quick action is clicked",""
"passed","Thu May 14 21:09:30 UTC 2026","Thu May 14 21:09:30 UTC 2026","1","","shoppingListService","","shoppingListService aggregateIngredients correctly updates existing main ingredient recipe set","","shoppingListService aggregateIngredients correctly updates existing main ingredient recipe set",""
"passed","Thu May 14 21:09:25 UTC 2026","Thu May 14 21:09:25 UTC 2026","56","","useRecipes hook","","useRecipes hook addRecipe should add recipe to empty list","","useRecipes hook addRecipe should add recipe to empty list",""
"passed","Thu May 14 21:09:25 UTC 2026","Thu May 14 21:09:25 UTC 2026","22","","Recipes Component","","Recipes Component Integration Tests should maintain search state when recipes update","","Recipes Component Integration Tests should maintain search state when recipes update",""
"passed","Thu May 14 21:09:32 UTC 2026","Thu May 14 21:09:32 UTC 2026","3","","RecipeCard","","RecipeCard Rendering should display category badge","","RecipeCard Rendering should display category badge",""
"passed","Thu May 14 21:09:26 UTC 2026","Thu May 14 21:09:26 UTC 2026","37","","AddRecipeModal Component","","AddRecipeModal Component should handle all unit options","","AddRecipeModal Component should handle all unit options",""
"passed","Thu May 14 21:09:25 UTC 2026","Thu May 14 21:09:25 UTC 2026","57","","Recipes Component","","Recipes Component Integration Tests should handle switching between categories and search","","Recipes Component Integration Tests should handle switching between categories and search",""
"passed","Thu May 14 21:09:32 UTC 2026","Thu May 14 21:09:32 UTC 2026","5","","RecipeCard","","RecipeCard Category Emojis should display default emoji for unknown category","","RecipeCard Category Emojis should display default emoji for unknown category",""
"passed","Thu May 14 21:09:32 UTC 2026","Thu May 14 21:09:32 UTC 2026","13","","Categories Component","","Categories Component has correct category data structure","","Categories Component has correct category data structure",""
"passed","Thu May 14 21:09:29 UTC 2026","Thu May 14 21:09:29 UTC 2026","84","","EditRecipeModal Component","","EditRecipeModal Component calls onClose when close button is clicked","","EditRecipeModal Component calls onClose when close button is clicked",""
"passed","Thu May 14 21:09:25 UTC 2026","Thu May 14 21:09:25 UTC 2026","16","","Recipes Component","","Recipes Component Recipe Grid Layout should apply correct category class to category badge","","Recipes Component Recipe Grid Layout should apply correct category class to category badge",""
"passed","Thu May 14 21:09:25 UTC 2026","Thu May 14 21:09:25 UTC 2026","1","","recipeService","","recipeService updateRecipe should update recipe with all fields","","recipeService updateRecipe should update recipe with all fields",""
"passed","Thu May 14 21:09:32 UTC 2026","Thu May 14 21:09:32 UTC 2026","44","","ShoppingList Component","","ShoppingList Component shows WeekNavigator component","","ShoppingList Component shows WeekNavigator component",""
"passed","Thu May 14 21:09:25 UTC 2026","Thu May 14 21:09:25 UTC 2026","22","","Recipes Component","","Recipes Component Empty State should display no recipes message when no recipes exist","","Recipes Component Empty State should display no recipes message when no recipes exist",""
"passed","Thu May 14 21:09:32 UTC 2026","Thu May 14 21:09:32 UTC 2026","4","","Categories Component","","Categories Component deselects a category when already active","","Categories Component deselects a category when already active",""
"passed","Thu May 14 21:09:29 UTC 2026","Thu May 14 21:09:29 UTC 2026","75","","EditRecipeModal Component","","EditRecipeModal Component allows adding main ingredients","","EditRecipeModal Component allows adding main ingredients",""
"passed","Thu May 14 21:09:34 UTC 2026","Thu May 14 21:09:34 UTC 2026","6","","ConfirmationPopup Component","","ConfirmationPopup Component should call onConfirm when the confirm button is clicked","","ConfirmationPopup Component should call onConfirm when the confirm button is clicked",""
"passed","Thu May 14 21:09:26 UTC 2026","Thu May 14 21:09:26 UTC 2026","22","","AddRecipeModal Component","","AddRecipeModal Component should add a common ingredient","","AddRecipeModal Component should add a common ingredient",""
"passed","Thu May 14 21:09:35 UTC 2026","Thu May 14 21:09:35 UTC 2026","2","","Home Component","","Home Component renders home page","","Home Component renders home page",""
"passed","Thu May 14 21:09:32 UTC 2026","Thu May 14 21:09:32 UTC 2026","2","","Categories Component","","Categories Component renders empty state when no recipes exist","","Categories Component renders empty state when no recipes exist",""
"passed","Thu May 14 21:09:25 UTC 2026","Thu May 14 21:09:25 UTC 2026","1","","recipeService","","recipeService getRecipeById should handle network errors","","recipeService getRecipeById should handle network errors",""
"passed","Thu May 14 21:09:29 UTC 2026","Thu May 14 21:09:29 UTC 2026","68","","EditRecipeModal Component","","EditRecipeModal Component allows changing recipe category","","EditRecipeModal Component allows changing recipe category",""
"passed","Thu May 14 21:09:34 UTC 2026","Thu May 14 21:09:34 UTC 2026","8","","SearchBar Component","","SearchBar Component renders search input with placeholder","","SearchBar Component renders search input with placeholder",""
"passed","Thu May 14 21:09:33 UTC 2026","Thu May 14 21:09:33 UTC 2026","4","","RecipeSelectorModal","","RecipeSelectorModal should display prep time and portions for each recipe","","RecipeSelectorModal should display prep time and portions for each recipe",""
"passed","Thu May 14 21:09:26 UTC 2026","Thu May 14 21:09:26 UTC 2026","32","","AddRecipeModal Component","","AddRecipeModal Component should update instructions textarea","","AddRecipeModal Component should update instructions textarea",""
"passed","Thu May 14 21:09:25 UTC 2026","Thu May 14 21:09:25 UTC 2026","57","","Recipes Component","","Recipes Component Recipe Grid Layout should render recipes in a grid","","Recipes Component Recipe Grid Layout should render recipes in a grid",""
"passed","Thu May 14 21:09:31 UTC 2026","Thu May 14 21:09:31 UTC 2026","53","","useShoppingList","","useShoppingList item management removes item by id","","useShoppingList item management removes item by id",""
"passed","Thu May 14 21:09:28 UTC 2026","Thu May 14 21:09:28 UTC 2026","60","","MealPlanner","","MealPlanner should navigate to next week","","MealPlanner should navigate to next week",""
"passed","Thu May 14 21:09:28 UTC 2026","Thu May 14 21:09:28 UTC 2026","57","","MealPlanner","","MealPlanner Meal Plan Navigation and Display should display all days of the week","","MealPlanner Meal Plan Navigation and Display should display all days of the week",""
"passed","Thu May 14 21:09:31 UTC 2026","Thu May 14 21:09:31 UTC 2026","17","","App Component","","App Component navigates to meal planner when Plan Meals quick action is clicked","","App Component navigates to meal planner when Plan Meals quick action is clicked",""
"passed","Thu May 14 21:09:32 UTC 2026","Thu May 14 21:09:32 UTC 2026","5","","RecipeCard","","RecipeCard Interactions should call onRecipeClick when card is clicked","","RecipeCard Interactions should call onRecipeClick when card is clicked",""
"passed","Thu May 14 21:09:25 UTC 2026","Thu May 14 21:09:25 UTC 2026","57","","useRecipes hook","","useRecipes hook addRecipe should add a new recipe successfully","","useRecipes hook addRecipe should add a new recipe successfully",""
"passed","Thu May 14 21:09:35 UTC 2026","Thu May 14 21:09:35 UTC 2026","1","","Home Component","","Home Component renders without errors","","Home Component renders without errors",""
"passed","Thu May 14 21:09:32 UTC 2026","Thu May 14 21:09:32 UTC 2026","36","","ShoppingList Component","","ShoppingList Component displays main ingredients section","","ShoppingList Component displays main ingredients section",""
"passed","Thu May 14 21:09:32 UTC 2026","Thu May 14 21:09:32 UTC 2026","49","","ShoppingList Component","","ShoppingList Component renders shopping list title","","ShoppingList Component renders shopping list title",""
"passed","Thu May 14 21:09:33 UTC 2026","Thu May 14 21:09:33 UTC 2026","3","","RecipeSelectorModal","","RecipeSelectorModal should not call onClose when modal content is clicked","","RecipeSelectorModal should not call onClose when modal content is clicked",""
"passed","Thu May 14 21:09:29 UTC 2026","Thu May 14 21:09:29 UTC 2026","1","","EditRecipeModal Component","","EditRecipeModal Component does not render when recipe is null","","EditRecipeModal Component does not render when recipe is null",""
"passed","Thu May 14 21:09:33 UTC 2026","Thu May 14 21:09:33 UTC 2026","4","","getMonday","","useMealPlanner should initialize with current week","","useMealPlanner should initialize with current week",""
"passed","Thu May 14 21:09:28 UTC 2026","Thu May 14 21:09:28 UTC 2026","13","","RecipeDetailModal Component","","RecipeDetailModal Component should render users icon SVG for portions","","RecipeDetailModal Component should render users icon SVG for portions",""
"passed","Thu May 14 21:09:29 UTC 2026","Thu May 14 21:09:29 UTC 2026","28","","EditRecipeModal Component","","EditRecipeModal Component calls onClose when cancel button is clicked","","EditRecipeModal Component calls onClose when cancel button is clicked",""
"passed","Thu May 14 21:09:31 UTC 2026","Thu May 14 21:09:31 UTC 2026","18","","App Component","","App Component has correct CSS classes","","App Component has correct CSS classes",""
"passed","Thu May 14 21:09:25 UTC 2026","Thu May 14 21:09:25 UTC 2026","59","","Recipes Component","","Recipes Component Loading State should display loading message while fetching recipes","","Recipes Component Loading State should display loading message while fetching recipes",""
"passed","Thu May 14 21:09:32 UTC 2026","Thu May 14 21:09:32 UTC 2026","4","","Categories Component","","Categories Component selects a category when none is active","","Categories Component selects a category when none is active",""
"passed","Thu May 14 21:09:30 UTC 2026","Thu May 14 21:09:30 UTC 2026","1","","shoppingListService","","shoppingListService aggregateIngredients aggregates main ingredients with same name and unit","","shoppingListService aggregateIngredients aggregates main ingredients with same name and unit",""
"passed","Thu May 14 21:09:34 UTC 2026","Thu May 14 21:09:34 UTC 2026","7","","TopBar Component","","TopBar Component renders logo section correctly","","TopBar Component renders logo section correctly",""
"passed","Thu May 14 21:09:28 UTC 2026","Thu May 14 21:09:28 UTC 2026","44","","MealPlanner","","MealPlanner should add entry when recipe is selected","","MealPlanner should add entry when recipe is selected",""
"passed","Thu May 14 21:09:25 UTC 2026","Thu May 14 21:09:25 UTC 2026","82","","Recipes Component","","Recipes Component Search Functionality should clear search results when search query is cleared","","Recipes Component Search Functionality should clear search results when search query is cleared",""
"passed","Thu May 14 21:09:29 UTC 2026","Thu May 14 21:09:29 UTC 2026","51","","EditRecipeModal Component","","EditRecipeModal Component allows removing common ingredients","","EditRecipeModal Component allows removing common ingredients",""
"passed","Thu May 14 21:09:34 UTC 2026","Thu May 14 21:09:34 UTC 2026","1","","StatusMessage Component","","StatusMessage Component renders error message when error is provided","","StatusMessage Component renders error message when error is provided",""
"passed","Thu May 14 21:09:30 UTC 2026","Thu May 14 21:09:30 UTC 2026","0","","shoppingListService","","shoppingListService aggregateIngredients returns empty array for empty recipes","","shoppingListService aggregateIngredients returns empty array for empty recipes",""
"passed","Thu May 14 21:09:33 UTC 2026","Thu May 14 21:09:33 UTC 2026","7","","RecipeSelectorModal","","RecipeSelectorModal should render search input","","RecipeSelectorModal should render search input",""
"passed","Thu May 14 21:09:33 UTC 2026","Thu May 14 21:09:33 UTC 2026","53","","getMonday","","useMealPlanner should remove meal plan entry","","useMealPlanner should remove meal plan entry",""
"passed","Thu May 14 21:09:33 UTC 2026","Thu May 14 21:09:33 UTC 2026","3","","useRecipeModals hook","","useRecipeModals hook Detail Modal should open detail modal and set selected recipe","","useRecipeModals hook Detail Modal should open detail modal and set selected recipe",""
"passed","Thu May 14 21:09:31 UTC 2026","Thu May 14 21:09:31 UTC 2026","54","","useShoppingList","","useShoppingList range handling loads shopping list for second-half range","","useShoppingList range handling loads shopping list for second-half range",""
"passed","Thu May 14 21:09:31 UTC 2026","Thu May 14 21:09:31 UTC 2026","3","","useShoppingList","","useShoppingList week navigation navigates to next week","","useShoppingList week navigation navigates to next week",""
"passed","Thu May 14 21:09:33 UTC 2026","Thu May 14 21:09:33 UTC 2026","37","","RecipeSelectorModal","","RecipeSelectorModal should display placeholder when foto_url is not provided","","RecipeSelectorModal should display placeholder when foto_url is not provided",""
"passed","Thu May 14 21:09:28 UTC 2026","Thu May 14 21:09:28 UTC 2026","17","","MealPlanner","","MealPlanner should display loading state initially","","MealPlanner should display loading state initially",""
"passed","Thu May 14 21:09:33 UTC 2026","Thu May 14 21:09:33 UTC 2026","4","","QuickActions Component","","QuickActions Component does not apply mobile-open class when isMobileOpen is false","","QuickActions Component does not apply mobile-open class when isMobileOpen is false",""
"passed","Thu May 14 21:09:31 UTC 2026","Thu May 14 21:09:31 UTC 2026","54","","useShoppingList","","useShoppingList error handling handles error when fetching recipes fails","","useShoppingList error handling handles error when fetching recipes fails",""
"passed","Thu May 14 21:09:28 UTC 2026","Thu May 14 21:09:28 UTC 2026","12","","RecipeDetailModal Component","","RecipeDetailModal Component should not display Video section when video_url is not set","","RecipeDetailModal Component should not display Video section when video_url is not set",""
"passed","Thu May 14 21:09:33 UTC 2026","Thu May 14 21:09:33 UTC 2026","3","","useRecipeModals hook","","useRecipeModals hook should initialize with default values","","useRecipeModals hook should initialize with default values",""
"passed","Thu May 14 21:09:31 UTC 2026","Thu May 14 21:09:31 UTC 2026","56","","useShoppingList","","useShoppingList fetching and aggregating data sets items after successful aggregation","","useShoppingList fetching and aggregating data sets items after successful aggregation",""
"passed","Thu May 14 21:09:25 UTC 2026","Thu May 14 21:09:25 UTC 2026","0","","recipeService","","recipeService deleteRecipe should delete a recipe successfully","","recipeService deleteRecipe should delete a recipe successfully",""
"passed","Thu May 14 21:09:29 UTC 2026","Thu May 14 21:09:29 UTC 2026","117","","EditRecipeModal Component","","EditRecipeModal Component should handle changing ingredient name field","","EditRecipeModal Component should handle changing ingredient name field",""
"passed","Thu May 14 21:09:32 UTC 2026","Thu May 14 21:09:32 UTC 2026","4","","RecipeCard","","RecipeCard Edge Cases should display foto_url when provided","","RecipeCard Edge Cases should display foto_url when provided",""
"passed","Thu May 14 21:09:25 UTC 2026","Thu May 14 21:09:25 UTC 2026","58","","useRecipes hook","","useRecipes hook deleteRecipe should handle deleting non-existent recipe","","useRecipes hook deleteRecipe should handle deleting non-existent recipe",""
"passed","Thu May 14 21:09:34 UTC 2026","Thu May 14 21:09:34 UTC 2026","5","","TopBar Component","","TopBar Component renders user avatar when provided","","TopBar Component renders user avatar when provided",""
"passed","Thu May 14 21:09:28 UTC 2026","Thu May 14 21:09:28 UTC 2026","15","","RecipeDetailModal Component","","RecipeDetailModal Component should have correct category badge class for breakfast","","RecipeDetailModal Component should have correct category badge class for breakfast",""
"passed","Thu May 14 21:09:26 UTC 2026","Thu May 14 21:09:26 UTC 2026","59","","AddRecipeModal Component","","AddRecipeModal Component should remove a main ingredient","","AddRecipeModal Component should remove a main ingredient",""
"passed","Thu May 14 21:09:34 UTC 2026","Thu May 14 21:09:34 UTC 2026","7","","ConfirmationPopup Component","","ConfirmationPopup Component should render the title and message when isOpen is true","","ConfirmationPopup Component should render the title and message when isOpen is true",""
"passed","Thu May 14 21:09:25 UTC 2026","Thu May 14 21:09:25 UTC 2026","58","","useRecipes hook","","useRecipes hook Multiple operations should handle add and delete operations together","","useRecipes hook Multiple operations should handle add and delete operations together",""
"passed","Thu May 14 21:09:32 UTC 2026","Thu May 14 21:09:32 UTC 2026","5","","RecipeCard","","RecipeCard Edge Cases should handle recipe with zero prep time","","RecipeCard Edge Cases should handle recipe with zero prep time",""
"passed","Thu May 14 21:09:32 UTC 2026","Thu May 14 21:09:32 UTC 2026","5","","RecipeCard","","RecipeCard Edge Cases should display emoji placeholder when foto_url is null","","RecipeCard Edge Cases should display emoji placeholder when foto_url is null",""
"passed","Thu May 14 21:09:28 UTC 2026","Thu May 14 21:09:28 UTC 2026","19","","RecipeDetailModal Component","","RecipeDetailModal Component should display portions with singular text for 1 portion","","RecipeDetailModal Component should display portions with singular text for 1 portion",""
"passed","Thu May 14 21:09:31 UTC 2026","Thu May 14 21:09:31 UTC 2026","59","","useShoppingList","","useShoppingList range handling loads shopping list for entire range","","useShoppingList range handling loads shopping list for entire range",""
"passed","Thu May 14 21:09:33 UTC 2026","Thu May 14 21:09:33 UTC 2026","4","","QuickActions Component","","QuickActions Component applies mobile-open class when isMobileOpen is true","","QuickActions Component applies mobile-open class when isMobileOpen is true",""
"passed","Thu May 14 21:09:25 UTC 2026","Thu May 14 21:09:25 UTC 2026","1","","recipeService","","recipeService getRecipeById should handle malformed JSON response","","recipeService getRecipeById should handle malformed JSON response",""
"passed","Thu May 14 21:09:26 UTC 2026","Thu May 14 21:09:26 UTC 2026","16","","AddRecipeModal Component","","AddRecipeModal Component should update main ingredient quantity","","AddRecipeModal Component should update main ingredient quantity",""
"passed","Thu May 14 21:09:32 UTC 2026","Thu May 14 21:09:32 UTC 2026","3","","Categories Component","","Categories Component renders loading state when recipes are loading","","Categories Component renders loading state when recipes are loading",""
"passed","Thu May 14 21:09:25 UTC 2026","Thu May 14 21:09:25 UTC 2026","59","","useRecipes hook","","useRecipes hook deleteRecipe should delete last remaining recipe","","useRecipes hook deleteRecipe should delete last remaining recipe",""
"passed","Thu May 14 21:09:29 UTC 2026","Thu May 14 21:09:29 UTC 2026","16","","EditRecipeModal Component","","EditRecipeModal Component displays all category options","","EditRecipeModal Component displays all category options",""
"passed","Thu May 14 21:09:33 UTC 2026","Thu May 14 21:09:33 UTC 2026","13","","QuickActions Component","","QuickActions Component renders Categories component within QuickActions","","QuickActions Component renders Categories component within QuickActions",""
"passed","Thu May 14 21:09:25 UTC 2026","Thu May 14 21:09:25 UTC 2026","96","","Recipes Component","","Recipes Component Delete Recipe Functionality should close confirmation popup when cancel button is clicked","","Recipes Component Delete Recipe Functionality should close confirmation popup when cancel button is clicked",""
"passed","Thu May 14 21:09:28 UTC 2026","Thu May 14 21:09:28 UTC 2026","20","","RecipeDetailModal Component","","RecipeDetailModal Component should display cooking instructions","","RecipeDetailModal Component should display cooking instructions",""
"passed","Thu May 14 21:09:25 UTC 2026","Thu May 14 21:09:25 UTC 2026","39","","Recipes Component","","Recipes Component Search Functionality should be case-insensitive when searching","","Recipes Component Search Functionality should be case-insensitive when searching",""
"passed","Thu May 14 21:09:33 UTC 2026","Thu May 14 21:09:33 UTC 2026","54","","getMonday","","useMealPlanner should handle error silently when loading recipes fails on initial load","","useMealPlanner should handle error silently when loading recipes fails on initial load",""
"passed","Thu May 14 21:09:34 UTC 2026","Thu May 14 21:09:34 UTC 2026","1","","mealPlanService","","mealPlanService addMealPlanEntry should throw on HTTP error","","mealPlanService addMealPlanEntry should throw on HTTP error",""
"passed","Thu May 14 21:09:29 UTC 2026","Thu May 14 21:09:29 UTC 2026","222","","EditRecipeModal Component","","EditRecipeModal Component allows editing recipe name","","EditRecipeModal Component allows editing recipe name",""
"passed","Thu May 14 21:09:25 UTC 2026","Thu May 14 21:09:25 UTC 2026","66","","Recipes Component","","Recipes Component Successful Data Fetching should display recipe details correctly","","Recipes Component Successful Data Fetching should display recipe details correctly",""
"passed","Thu May 14 21:09:32 UTC 2026","Thu May 14 21:09:32 UTC 2026","7","","Categories Component","","Categories Component calls onCategoryClick when a category is clicked","","Categories Component calls onCategoryClick when a category is clicked",""
"passed","Thu May 14 21:09:31 UTC 2026","Thu May 14 21:09:31 UTC 2026","46","","App Component","","App Component updates current section when navigation is clicked","","App Component updates current section when navigation is clicked",""
"passed","Thu May 14 21:09:25 UTC 2026","Thu May 14 21:09:25 UTC 2026","57","","useRecipes hook","","useRecipes hook Multiple operations should handle adding multiple recipes sequentially","","useRecipes hook Multiple operations should handle adding multiple recipes sequentially",""
"passed","Thu May 14 21:09:28 UTC 2026","Thu May 14 21:09:28 UTC 2026","20","","MealPlanner","","MealPlanner Meal Plan Navigation and Display should filter recipes by category when dinner slot selected","","MealPlanner Meal Plan Navigation and Display should filter recipes by category when dinner slot selected",""
"passed","Thu May 14 21:09:31 UTC 2026","Thu May 14 21:09:31 UTC 2026","31","","App Component","","App Component passes selectedCategory to Recipes component","","App Component passes selectedCategory to Recipes component",""
"passed","Thu May 14 21:09:31 UTC 2026","Thu May 14 21:09:31 UTC 2026","54","","useShoppingList","","useShoppingList fetching and aggregating data filters meals for second-half range","","useShoppingList fetching and aggregating data filters meals for second-half range",""
"passed","Thu May 14 21:09:32 UTC 2026","Thu May 14 21:09:32 UTC 2026","7","","RecipeCard","","RecipeCard Rendering should render recipe card with all elements","","RecipeCard Rendering should render recipe card with all elements",""
"passed","Thu May 14 21:09:32 UTC 2026","Thu May 14 21:09:32 UTC 2026","14","","ShoppingList Component","","ShoppingList Component handles empty recipe list for item","","ShoppingList Component handles empty recipe list for item",""
"passed","Thu May 14 21:09:28 UTC 2026","Thu May 14 21:09:28 UTC 2026","23","","RecipeDetailModal Component","","RecipeDetailModal Component should display main ingredients","","RecipeDetailModal Component should display main ingredients",""
"passed","Thu May 14 21:09:25 UTC 2026","Thu May 14 21:09:25 UTC 2026","59","","useRecipes hook","","useRecipes hook Initial state and data fetching should handle fetch error and set error message","","useRecipes hook Initial state and data fetching should handle fetch error and set error message",""
"passed","Thu May 14 21:09:32 UTC 2026","Thu May 14 21:09:32 UTC 2026","5","","RecipeCard","","RecipeCard Edge Cases should handle recipe with large prep time","","RecipeCard Edge Cases should handle recipe with large prep time",""
"passed","Thu May 14 21:09:25 UTC 2026","Thu May 14 21:09:25 UTC 2026","1","","recipeService","","recipeService getRecipeById should handle large recipe ids","","recipeService getRecipeById should handle large recipe ids",""
"passed","Thu May 14 21:09:25 UTC 2026","Thu May 14 21:09:25 UTC 2026","8","","Recipes Component","","Recipes Component Integration Tests should handle adding multiple recipes in sequence","","Recipes Component Integration Tests should handle adding multiple recipes in sequence",""
"passed","Thu May 14 21:09:33 UTC 2026","Thu May 14 21:09:33 UTC 2026","7","","QuickActions Component","","QuickActions Component renders arrow indicators for each action","","QuickActions Component renders arrow indicators for each action",""
"passed","Thu May 14 21:09:25 UTC 2026","Thu May 14 21:09:25 UTC 2026","531","","Recipes Component","","Recipes Component Add Recipe Functionality should close the add recipe modal after successful submission","","Recipes Component Add Recipe Functionality should close the add recipe modal after successful submission",""
"passed","Thu May 14 21:09:28 UTC 2026","Thu May 14 21:09:28 UTC 2026","28","","RecipeDetailModal Component","","RecipeDetailModal Component should display recipe category","","RecipeDetailModal Component should display recipe category",""
"passed","Thu May 14 21:09:31 UTC 2026","Thu May 14 21:09:31 UTC 2026","39","","App Component","","App Component navigates to recipes when category is clicked","","App Component navigates to recipes when category is clicked",""
"passed","Thu May 14 21:09:25 UTC 2026","Thu May 14 21:09:25 UTC 2026","1","","recipeService","","recipeService getRecipeById should throw error when recipe is not found (404)","","recipeService getRecipeById should throw error when recipe is not found (404)",""
"passed","Thu May 14 21:09:29 UTC 2026","Thu May 14 21:09:29 UTC 2026","3","","EditRecipeModal Component","","EditRecipeModal Component does not render when isOpen is false","","EditRecipeModal Component does not render when isOpen is false",""
"passed","Thu May 14 21:09:25 UTC 2026","Thu May 14 21:09:25 UTC 2026","83","","Recipes Component","","Recipes Component Delete Recipe Functionality should keep delete confirmation modal open when deletion fails","","Recipes Component Delete Recipe Functionality should keep delete confirmation modal open when deletion fails",""
"passed","Thu May 14 21:09:33 UTC 2026","Thu May 14 21:09:33 UTC 2026","1","","useRecipeModals hook","","useRecipeModals hook Add Recipe Modal should close add recipe modal","","useRecipeModals hook Add Recipe Modal should close add recipe modal",""
"passed","Thu May 14 21:09:28 UTC 2026","Thu May 14 21:09:28 UTC 2026","31","","MealPlanner","","MealPlanner Meal Plan Navigation and Display should display added meal plan entries correctly","","MealPlanner Meal Plan Navigation and Display should display added meal plan entries correctly",""
"passed","Thu May 14 21:09:25 UTC 2026","Thu May 14 21:09:25 UTC 2026","2","","recipeService","","recipeService updateRecipe should handle network errors when updating a recipe","","recipeService updateRecipe should handle network errors when updating a recipe",""
"passed","Thu May 14 21:09:33 UTC 2026","Thu May 14 21:09:33 UTC 2026","3","","RecipeSelectorModal","","RecipeSelectorModal should call onSelect when a recipe is clicked","","RecipeSelectorModal should call onSelect when a recipe is clicked",""
"passed","Thu May 14 21:09:25 UTC 2026","Thu May 14 21:09:25 UTC 2026","88","","useRecipes hook","","useRecipes hook Initial state and data fetching should initialize with loading state and fetch recipes","","useRecipes hook Initial state and data fetching should initialize with loading state and fetch recipes",""
"passed","Thu May 14 21:09:34 UTC 2026","Thu May 14 21:09:34 UTC 2026","18","","SearchBar Component","","SearchBar Component renders search button","","SearchBar Component renders search button",""
"passed","Thu May 14 21:09:25 UTC 2026","Thu May 14 21:09:25 UTC 2026","1","","recipeService","","recipeService deleteRecipe should handle errors when deleting a recipe","","recipeService deleteRecipe should handle errors when deleting a recipe",""
"passed","Thu May 14 21:09:28 UTC 2026","Thu May 14 21:09:28 UTC 2026","31","","MealPlanner","","MealPlanner Meal Plan Navigation and Display should show category filter for morning snack as snack","","MealPlanner Meal Plan Navigation and Display should show category filter for morning snack as snack",""
"passed","Thu May 14 21:09:32 UTC 2026","Thu May 14 21:09:32 UTC 2026","5","","RecipeCard","","RecipeCard Edge Cases should handle recipe with zero portions","","RecipeCard Edge Cases should handle recipe with zero portions",""
"passed","Thu May 14 21:09:31 UTC 2026","Thu May 14 21:09:31 UTC 2026","75","","App Component","","App Component navigates to shopping list page when Shopping List nav is clicked","","App Component navigates to shopping list page when Shopping List nav is clicked",""
"passed","Thu May 14 21:09:31 UTC 2026","Thu May 14 21:09:31 UTC 2026","37","","App Component","","App Component navigates to recipes when Add Recipe quick action is clicked","","App Component navigates to recipes when Add Recipe quick action is clicked",""
"passed","Thu May 14 21:09:35 UTC 2026","Thu May 14 21:09:35 UTC 2026","3","","Analytics Component","","Analytics Component renders without crashing","","Analytics Component renders without crashing",""
"passed","Thu May 14 21:09:28 UTC 2026","Thu May 14 21:09:28 UTC 2026","24","","MealPlanner","","MealPlanner Meal Plan Navigation and Display should handle selected slot null case gracefully","","MealPlanner Meal Plan Navigation and Display should handle selected slot null case gracefully",""
"passed","Thu May 14 21:09:32 UTC 2026","Thu May 14 21:09:32 UTC 2026","5","","Categories Component","","Categories Component highlights active category from router location state","","Categories Component highlights active category from router location state",""
"passed","Thu May 14 21:09:31 UTC 2026","Thu May 14 21:09:31 UTC 2026","42","","App Component","","App Component handles category clicks and closes mobile menu","","App Component handles category clicks and closes mobile menu",""
"passed","Thu May 14 21:09:34 UTC 2026","Thu May 14 21:09:34 UTC 2026","4","","WeekNavigator","","WeekNavigator should call onNavigate(1) when next button is clicked","","WeekNavigator should call onNavigate(1) when next button is clicked",""
"passed","Thu May 14 21:09:34 UTC 2026","Thu May 14 21:09:34 UTC 2026","6","","RecipeGrid Component","","RecipeGrid Component renders all recipes when search query is empty","","RecipeGrid Component renders all recipes when search query is empty",""
"passed","Thu May 14 21:09:31 UTC 2026","Thu May 14 21:09:31 UTC 2026","56","","useShoppingList","","useShoppingList item management only updates matching item","","useShoppingList item management only updates matching item",""
"passed","Thu May 14 21:09:33 UTC 2026","Thu May 14 21:09:33 UTC 2026","0","","getMonday","","getMonday should return Monday when date is Sunday","","getMonday should return Monday when date is Sunday",""
"passed","Thu May 14 21:09:28 UTC 2026","Thu May 14 21:09:28 UTC 2026","29","","RecipeDetailModal Component","","RecipeDetailModal Component should display YouTube iframe for youtube.com/shorts URL","","RecipeDetailModal Component should display YouTube iframe for youtube.com/shorts URL",""
"passed","Thu May 14 21:09:28 UTC 2026","Thu May 14 21:09:28 UTC 2026","23","","MealPlanner","","MealPlanner Meal Plan Navigation and Display should handle recipe not found when meal clicked","","MealPlanner Meal Plan Navigation and Display should handle recipe not found when meal clicked",""
"passed","Thu May 14 21:09:32 UTC 2026","Thu May 14 21:09:32 UTC 2026","42","","ShoppingList Component","","ShoppingList Component displays common ingredients section","","ShoppingList Component displays common ingredients section",""
"passed","Thu May 14 21:09:33 UTC 2026","Thu May 14 21:09:33 UTC 2026","10","","QuickActions Component","","QuickActions Component renders the QuickActions component with title","","QuickActions Component renders the QuickActions component with title",""
"passed","Thu May 14 21:09:31 UTC 2026","Thu May 14 21:09:31 UTC 2026","3","","useShoppingList","","useShoppingList Monday calculation returns Monday when called on Monday","","useShoppingList Monday calculation returns Monday when called on Monday",""
"passed","Thu May 14 21:09:34 UTC 2026","Thu May 14 21:09:34 UTC 2026","4","","StatusMessage Component","","StatusMessage Component renders loading message when loading is true","","StatusMessage Component renders loading message when loading is true",""
"passed","Thu May 14 21:09:25 UTC 2026","Thu May 14 21:09:25 UTC 2026","1","","recipeService","","recipeService addRecipe should handle network errors","","recipeService addRecipe should handle network errors",""
"passed","Thu May 14 21:09:34 UTC 2026","Thu May 14 21:09:34 UTC 2026","2","","StatusMessage Component","","StatusMessage Component renders loading spinner with text","","StatusMessage Component renders loading spinner with text",""
"passed","Thu May 14 21:09:33 UTC 2026","Thu May 14 21:09:33 UTC 2026","9","","QuickActions Component","","QuickActions Component calls onActionClick for all quick action buttons","","QuickActions Component calls onActionClick for all quick action buttons",""
"passed","Thu May 14 21:09:32 UTC 2026","Thu May 14 21:09:32 UTC 2026","37","","Categories Component","","Categories Component renders the Categories component with title","","Categories Component renders the Categories component with title",""
"passed","Thu May 14 21:09:31 UTC 2026","Thu May 14 21:09:31 UTC 2026","40","","App Component","","App Component renders without crashing","","App Component renders without crashing",""
"passed","Thu May 14 21:09:28 UTC 2026","Thu May 14 21:09:28 UTC 2026","11","","RecipeDetailModal Component","","RecipeDetailModal Component should display Instructions section title","","RecipeDetailModal Component should display Instructions section title",""
"passed","Thu May 14 21:09:30 UTC 2026","Thu May 14 21:09:30 UTC 2026","0","","shoppingListService","","shoppingListService aggregateIngredients handles ingredients without unit","","shoppingListService aggregateIngredients handles ingredients without unit",""
"passed","Thu May 14 21:09:26 UTC 2026","Thu May 14 21:09:26 UTC 2026","15","","AddRecipeModal Component","","AddRecipeModal Component should not add empty common ingredient","","AddRecipeModal Component should not add empty common ingredient",""
"passed","Thu May 14 21:09:33 UTC 2026","Thu May 14 21:09:33 UTC 2026","2","","useRecipeModals hook","","useRecipeModals hook Detail Modal should close detail modal and clear selected recipe","","useRecipeModals hook Detail Modal should close detail modal and clear selected recipe",""
"passed","Thu May 14 21:09:34 UTC 2026","Thu May 14 21:09:34 UTC 2026","3","","mealPlanService","","mealPlanService getMealPlan should throw on network error","","mealPlanService getMealPlan should throw on network error",""
"passed","Thu May 14 21:09:28 UTC 2026","Thu May 14 21:09:28 UTC 2026","12","","RecipeDetailModal Component","","RecipeDetailModal Component should render all common ingredients in list","","RecipeDetailModal Component should render all common ingredients in list",""
"passed","Thu May 14 21:09:31 UTC 2026","Thu May 14 21:09:31 UTC 2026","60","","useShoppingList","","useShoppingList week navigation regenerates list when weekStart changes","","useShoppingList week navigation regenerates list when weekStart changes",""
"passed","Thu May 14 21:09:29 UTC 2026","Thu May 14 21:09:29 UTC 2026","64","","EditRecipeModal Component","","EditRecipeModal Component should handle changing ingredient quantity field","","EditRecipeModal Component should handle changing ingredient quantity field",""
"passed","Thu May 14 21:09:28 UTC 2026","Thu May 14 21:09:28 UTC 2026","23","","MealPlanner","","MealPlanner Meal Plan Navigation and Display should handle recipes without images gracefully","","MealPlanner Meal Plan Navigation and Display should handle recipes without images gracefully",""
"passed","Thu May 14 21:09:34 UTC 2026","Thu May 14 21:09:34 UTC 2026","3","","WeekNavigator","","WeekNavigator should render two navigation buttons","","WeekNavigator should render two navigation buttons",""
"passed","Thu May 14 21:09:26 UTC 2026","Thu May 14 21:09:26 UTC 2026","30","","AddRecipeModal Component","","AddRecipeModal Component should not add whitespace-only common ingredient","","AddRecipeModal Component should not add whitespace-only common ingredient",""
"passed","Thu May 14 21:09:25 UTC 2026","Thu May 14 21:09:25 UTC 2026","56","","useRecipes hook","","useRecipes hook addRecipe should return false and log error when adding recipe fails","","useRecipes hook addRecipe should return false and log error when adding recipe fails",""
"passed","Thu May 14 21:09:32 UTC 2026","Thu May 14 21:09:32 UTC 2026","73","","ShoppingList Component","","ShoppingList Component handles quantity editing with only quantity change","","ShoppingList Component handles quantity editing with only quantity change",""
"passed","Thu May 14 21:09:34 UTC 2026","Thu May 14 21:09:34 UTC 2026","19","","ConfirmationPopup Component","","ConfirmationPopup Component should call onCancel when clicking outside the popup","","ConfirmationPopup Component should call onCancel when clicking outside the popup",""
"passed","Thu May 14 21:09:32 UTC 2026","Thu May 14 21:09:32 UTC 2026","13","","Categories Component","","Categories Component calls onCategoryClick for all category buttons","","Categories Component calls onCategoryClick for all category buttons",""
"passed","Thu May 14 21:09:25 UTC 2026","Thu May 14 21:09:25 UTC 2026","59","","useRecipes hook","","useRecipes hook deleteRecipe should return false and log error when deleting recipe fails","","useRecipes hook deleteRecipe should return false and log error when deleting recipe fails",""
"passed","Thu May 14 21:09:34 UTC 2026","Thu May 14 21:09:34 UTC 2026","4","","RecipeGrid Component","","RecipeGrid Component filters recipes based on search query","","RecipeGrid Component filters recipes based on search query",""
"passed","Thu May 14 21:09:25 UTC 2026","Thu May 14 21:09:25 UTC 2026","40","","Recipes Component","","Recipes Component Search Functionality should render search input","","Recipes Component Search Functionality should render search input",""
"passed","Thu May 14 21:09:32 UTC 2026","Thu May 14 21:09:32 UTC 2026","5","","RecipeCard","","RecipeCard Rendering should display recipe name","","RecipeCard Rendering should display recipe name",""
"passed","Thu May 14 21:09:34 UTC 2026","Thu May 14 21:09:34 UTC 2026","48","","TopBar Component","","TopBar Component renders the TopBar component with default props","","TopBar Component renders the TopBar component with default props",""
"passed","Thu May 14 21:09:33 UTC 2026","Thu May 14 21:09:33 UTC 2026","0","","getMonday","","getMonday should return Monday when date is Saturday","","getMonday should return Monday when date is Saturday",""
"passed","Thu May 14 21:09:25 UTC 2026","Thu May 14 21:09:25 UTC 2026","152","","Recipes Component","","Recipes Component Delete Recipe Functionality should handle API errors when deleting a recipe","","Recipes Component Delete Recipe Functionality should handle API errors when deleting a recipe",""
"passed","Thu May 14 21:09:33 UTC 2026","Thu May 14 21:09:33 UTC 2026","7","","RecipeSelectorModal","","RecipeSelectorModal should render when isOpen is true","","RecipeSelectorModal should render when isOpen is true",""
"passed","Thu May 14 21:09:28 UTC 2026","Thu May 14 21:09:28 UTC 2026","37","","MealPlanner","","MealPlanner Meal Plan Navigation and Display should add meal plan entry when recipe is selected from modal","","MealPlanner Meal Plan Navigation and Display should add meal plan entry when recipe is selected from modal",""
"passed","Thu May 14 21:09:26 UTC 2026","Thu May 14 21:09:26 UTC 2026","67","","AddRecipeModal Component","","AddRecipeModal Component should submit form with valid data","","AddRecipeModal Component should submit form with valid data",""
"passed","Thu May 14 21:09:25 UTC 2026","Thu May 14 21:09:25 UTC 2026","0","","recipeService","","recipeService updateRecipe should handle server errors when updating","","recipeService updateRecipe should handle server errors when updating",""
"passed","Thu May 14 21:09:33 UTC 2026","Thu May 14 21:09:33 UTC 2026","55","","getMonday","","useMealPlanner should handle error when removing entry fails","","useMealPlanner should handle error when removing entry fails",""
"passed","Thu May 14 21:09:32 UTC 2026","Thu May 14 21:09:32 UTC 2026","13","","RecipeCard","","RecipeCard Rendering should display portions correctly for multiple portions","","RecipeCard Rendering should display portions correctly for multiple portions",""
"passed","Thu May 14 21:09:32 UTC 2026","Thu May 14 21:09:32 UTC 2026","41","","ShoppingList Component","","ShoppingList Component displays common ingredients in separate section","","ShoppingList Component displays common ingredients in separate section",""
"passed","Thu May 14 21:09:26 UTC 2026","Thu May 14 21:09:26 UTC 2026","12","","AddRecipeModal Component","","AddRecipeModal Component should not render when isOpen is false","","AddRecipeModal Component should not render when isOpen is false",""
"passed","Thu May 14 21:09:29 UTC 2026","Thu May 14 21:09:29 UTC 2026","167","","EditRecipeModal Component","","EditRecipeModal Component allows adding common ingredients","","EditRecipeModal Component allows adding common ingredients",""
"passed","Thu May 14 21:09:25 UTC 2026","Thu May 14 21:09:25 UTC 2026","0","","recipeService","","recipeService addRecipe should throw error when response is not ok","","recipeService addRecipe should throw error when response is not ok",""
"passed","Thu May 14 21:09:28 UTC 2026","Thu May 14 21:09:28 UTC 2026","37","","MealPlanner","","MealPlanner Meal Plan Navigation and Display should handle multiple entries for same day","","MealPlanner Meal Plan Navigation and Display should handle multiple entries for same day",""
"passed","Thu May 14 21:09:26 UTC 2026","Thu May 14 21:09:26 UTC 2026","65","","AddRecipeModal Component","","AddRecipeModal Component should remove a common ingredient","","AddRecipeModal Component should remove a common ingredient",""
"passed","Thu May 14 21:09:28 UTC 2026","Thu May 14 21:09:28 UTC 2026","47","","MealPlanner","","MealPlanner Meal Plan Navigation and Display should handle opening detail modal when meal clicked","","MealPlanner Meal Plan Navigation and Display should handle opening detail modal when meal clicked",""
"passed","Thu May 14 21:09:25 UTC 2026","Thu May 14 21:09:25 UTC 2026","1","","recipeService","","recipeService Error Logging should log different messages for getAllRecipes and getRecipeById","","recipeService Error Logging should log different messages for getAllRecipes and getRecipeById",""
"passed","Thu May 14 21:09:25 UTC 2026","Thu May 14 21:09:25 UTC 2026","23","","Recipes Component","","Recipes Component Successful Data Fetching should display correct portions text for singular and plural","","Recipes Component Successful Data Fetching should display correct portions text for singular and plural",""
"passed","Thu May 14 21:09:33 UTC 2026","Thu May 14 21:09:33 UTC 2026","34","","QuickActions Component","","QuickActions Component renders action icons","","QuickActions Component renders action icons",""
"passed","Thu May 14 21:09:28 UTC 2026","Thu May 14 21:09:28 UTC 2026","27","","MealPlanner","","MealPlanner Meal Plan Navigation and Display should persist meal plan state when interacting with UI","","MealPlanner Meal Plan Navigation and Display should persist meal plan state when interacting with UI",""
"passed","Thu May 14 21:09:29 UTC 2026","Thu May 14 21:09:29 UTC 2026","177","","EditRecipeModal Component","","EditRecipeModal Component allows editing instructions","","EditRecipeModal Component allows editing instructions",""
"passed","Thu May 14 21:09:29 UTC 2026","Thu May 14 21:09:29 UTC 2026","57","","EditRecipeModal Component","","EditRecipeModal Component filters out empty ingredients before submission","","EditRecipeModal Component filters out empty ingredients before submission",""
"passed","Thu May 14 21:09:33 UTC 2026","Thu May 14 21:09:33 UTC 2026","1","","useRecipeModals hook","","useRecipeModals hook Multiple operations should handle opening multiple modals independently","","useRecipeModals hook Multiple operations should handle opening multiple modals independently",""
"passed","Thu May 14 21:09:32 UTC 2026","Thu May 14 21:09:32 UTC 2026","112","","ShoppingList Component","","ShoppingList Component changes range when range button is clicked","","ShoppingList Component changes range when range button is clicked",""
"passed","Thu May 14 21:09:31 UTC 2026","Thu May 14 21:09:31 UTC 2026","54","","useShoppingList","","useShoppingList fetching and aggregating data filters meals for first-half range","","useShoppingList fetching and aggregating data filters meals for first-half range",""
"passed","Thu May 14 21:09:28 UTC 2026","Thu May 14 21:09:28 UTC 2026","16","","RecipeDetailModal Component","","RecipeDetailModal Component should display dinner emoji for dinner category","","RecipeDetailModal Component should display dinner emoji for dinner category",""
"passed","Thu May 14 21:09:30 UTC 2026","Thu May 14 21:09:30 UTC 2026","1","","shoppingListService","","shoppingListService aggregateIngredients deduplicates common ingredients","","shoppingListService aggregateIngredients deduplicates common ingredients",""
"passed","Thu May 14 21:09:32 UTC 2026","Thu May 14 21:09:32 UTC 2026","4","","RecipeCard","","RecipeCard Rendering should display prep time","","RecipeCard Rendering should display prep time",""
"passed","Thu May 14 21:09:29 UTC 2026","Thu May 14 21:09:29 UTC 2026","66","","EditRecipeModal Component","","EditRecipeModal Component allows editing portions","","EditRecipeModal Component allows editing portions",""
"passed","Thu May 14 21:09:25 UTC 2026","Thu May 14 21:09:25 UTC 2026","37","","recipeService","","recipeService getAllRecipes should throw error when response is not ok","","recipeService getAllRecipes should throw error when response is not ok",""
"passed","Thu May 14 21:09:26 UTC 2026","Thu May 14 21:09:26 UTC 2026","51","","AddRecipeModal Component","","AddRecipeModal Component should prevent form submission without preventDefault","","AddRecipeModal Component should prevent form submission without preventDefault",""
"passed","Thu May 14 21:09:25 UTC 2026","Thu May 14 21:09:25 UTC 2026","46","","Recipes Component","","Recipes Component Integration Tests should handle rapid recipe filtering and searching","","Recipes Component Integration Tests should handle rapid recipe filtering and searching",""
"passed","Thu May 14 21:09:30 UTC 2026","Thu May 14 21:09:30 UTC 2026","1","","shoppingListService","","shoppingListService aggregateIngredients aggregates common ingredients","","shoppingListService aggregateIngredients aggregates common ingredients",""
"passed","Thu May 14 21:09:25 UTC 2026","Thu May 14 21:09:25 UTC 2026","38","","Recipes Component","","Recipes Component Recipe Detail Modal should open detail modal when a recipe card is clicked","","Recipes Component Recipe Detail Modal should open detail modal when a recipe card is clicked",""
"passed","Thu May 14 21:09:34 UTC 2026","Thu May 14 21:09:34 UTC 2026","18","","CalendarGrid","","CalendarGrid should call onCellClick when an empty cell is clicked","","CalendarGrid should call onCellClick when an empty cell is clicked",""
"passed","Thu May 14 21:09:25 UTC 2026","Thu May 14 21:09:25 UTC 2026","1","","recipeService","","recipeService getAllRecipes should handle empty recipes array","","recipeService getAllRecipes should handle empty recipes array",""
"passed","Thu May 14 21:09:34 UTC 2026","Thu May 14 21:09:34 UTC 2026","53","","TopBar Component","","TopBar Component works without optional callback props","","TopBar Component works without optional callback props",""
"passed","Thu May 14 21:09:28 UTC 2026","Thu May 14 21:09:28 UTC 2026","21","","RecipeDetailModal Component","","RecipeDetailModal Component should display common ingredients section when present","","RecipeDetailModal Component should display common ingredients section when present",""
"passed","Thu May 14 21:09:28 UTC 2026","Thu May 14 21:09:28 UTC 2026","10","","RecipeDetailModal Component","","RecipeDetailModal Component should handle case-insensitive category emoji mapping","","RecipeDetailModal Component should handle case-insensitive category emoji mapping",""
"passed","Thu May 14 21:09:25 UTC 2026","Thu May 14 21:09:25 UTC 2026","64","","Recipes Component","","Recipes Component Search Functionality should show no results message when no recipes match","","Recipes Component Search Functionality should show no results message when no recipes match",""
"passed","Thu May 14 21:09:32 UTC 2026","Thu May 14 21:09:32 UTC 2026","67","","ShoppingList Component","","ShoppingList Component handles week navigation","","ShoppingList Component handles week navigation",""
"passed","Thu May 14 21:09:26 UTC 2026","Thu May 14 21:09:26 UTC 2026","30","","AddRecipeModal Component","","AddRecipeModal Component should update main ingredient unit","","AddRecipeModal Component should update main ingredient unit",""
"passed","Thu May 14 21:09:31 UTC 2026","Thu May 14 21:09:31 UTC 2026","93","","App Component","","App Component renders correct content for each section","","App Component renders correct content for each section",""
"passed","Thu May 14 21:09:25 UTC 2026","Thu May 14 21:09:25 UTC 2026","61","","useRecipes hook","","useRecipes hook updateRecipe should update a recipe successfully","","useRecipes hook updateRecipe should update a recipe successfully",""
"passed","Thu May 14 21:09:25 UTC 2026","Thu May 14 21:09:25 UTC 2026","13","","Recipes Component","","Recipes Component Error Handling should log error to console when fetch fails","","Recipes Component Error Handling should log error to console when fetch fails",""
"passed","Thu May 14 21:09:32 UTC 2026","Thu May 14 21:09:32 UTC 2026","97","","ShoppingList Component","","ShoppingList Component handles quantity input blur event","","ShoppingList Component handles quantity input blur event",""
"passed","Thu May 14 21:09:34 UTC 2026","Thu May 14 21:09:34 UTC 2026","26","","CalendarGrid","","CalendarGrid should render meal slot labels","","CalendarGrid should render meal slot labels",""
"passed","Thu May 14 21:09:25 UTC 2026","Thu May 14 21:09:25 UTC 2026","1","","recipeService","","recipeService updateRecipe should update a recipe successfully","","recipeService updateRecipe should update a recipe successfully",""
"passed","Thu May 14 21:09:32 UTC 2026","Thu May 14 21:09:32 UTC 2026","93","","ShoppingList Component","","ShoppingList Component calls updateItem when quantity is edited","","ShoppingList Component calls updateItem when quantity is edited",""
"passed","Thu May 14 21:09:32 UTC 2026","Thu May 14 21:09:32 UTC 2026","21","","ShoppingList Component","","ShoppingList Component shows only common ingredients section when no main ingredients","","ShoppingList Component shows only common ingredients section when no main ingredients",""
"passed","Thu May 14 21:09:25 UTC 2026","Thu May 14 21:09:25 UTC 2026","53","","Recipes Component","","Recipes Component Search Functionality should display filtered results when searching","","Recipes Component Search Functionality should display filtered results when searching",""
"passed","Thu May 14 21:09:32 UTC 2026","Thu May 14 21:09:32 UTC 2026","8","","Categories Component","","Categories Component has proper category structure with content and count","","Categories Component has proper category structure with content and count",""
"passed","Thu May 14 21:09:34 UTC 2026","Thu May 14 21:09:34 UTC 2026","7","","RecipeGrid Component","","RecipeGrid Component passes correct props to RecipeCard","","RecipeGrid Component passes correct props to RecipeCard",""
"passed","Thu May 14 21:09:33 UTC 2026","Thu May 14 21:09:33 UTC 2026","1","","useRecipeModals hook","","useRecipeModals hook Edge cases should handle recipe with minimal data","","useRecipeModals hook Edge cases should handle recipe with minimal data",""
"passed","Thu May 14 21:09:33 UTC 2026","Thu May 14 21:09:33 UTC 2026","6","","RecipeSelectorModal","","RecipeSelectorModal should filter recipes by search query","","RecipeSelectorModal should filter recipes by search query",""
"passed","Thu May 14 21:09:30 UTC 2026","Thu May 14 21:09:30 UTC 2026","0","","shoppingListService","","shoppingListService aggregateIngredients handles recipes with empty ingredient arrays","","shoppingListService aggregateIngredients handles recipes with empty ingredient arrays",""
"passed","Thu May 14 21:09:31 UTC 2026","Thu May 14 21:09:31 UTC 2026","36","","App Component","","App Component handles mobile menu toggle","","App Component handles mobile menu toggle",""
"passed","Thu May 14 21:09:25 UTC 2026","Thu May 14 21:09:25 UTC 2026","33","","Recipes Component","","Recipes Component Delete Recipe Functionality should handle delete confirmation without recipe ID","","Recipes Component Delete Recipe Functionality should handle delete confirmation without recipe ID",""
"passed","Thu May 14 21:09:32 UTC 2026","Thu May 14 21:09:32 UTC 2026","39","","ShoppingList Component","","ShoppingList Component changes range without items regenerating","","ShoppingList Component changes range without items regenerating",""
"passed","Thu May 14 21:09:30 UTC 2026","Thu May 14 21:09:30 UTC 2026","0","","shoppingListService","","shoppingListService aggregateIngredients handles recipes with undefined main_ingredients array","","shoppingListService aggregateIngredients handles recipes with undefined main_ingredients array",""
"passed","Thu May 14 21:09:33 UTC 2026","Thu May 14 21:09:33 UTC 2026","53","","getMonday","","useMealPlanner should reload meal plan after adding entry","","useMealPlanner should reload meal plan after adding entry",""
"passed","Thu May 14 21:09:25 UTC 2026","Thu May 14 21:09:25 UTC 2026","152","","Recipes Component","","Recipes Component Search Functionality should handle search form submission","","Recipes Component Search Functionality should handle search form submission",""
"passed","Thu May 14 21:09:28 UTC 2026","Thu May 14 21:09:28 UTC 2026","22","","MealPlanner","","MealPlanner Meal Plan Navigation and Display should handle adding recipe with immediate feedback","","MealPlanner Meal Plan Navigation and Display should handle adding recipe with immediate feedback",""
"passed","Thu May 14 21:09:33 UTC 2026","Thu May 14 21:09:33 UTC 2026","3","","useRecipeModals hook","","useRecipeModals hook State persistence should maintain state across multiple operations","","useRecipeModals hook State persistence should maintain state across multiple operations",""
